"Indian Game, General","A45","1.d4 Nf6"
"Sicilian Defense, Closed Variation","B23","1.e4 c5 2.Nc3"
"King's Indian Attack, General","A07","1.Nf3 d5 2.g3"
"Zukertort Opening, Sicilian Invitation","A04","1.Nf3 c5"
"Trompowsky Attack, General","A45","1.d4 Nf6 2.Bg5"
"Sicilian Defense, Nyezhmetdinov-Rossolimo Attack","B30","1.e4 c5 2.Nf3 Nc6 3.Bb5"
"Sicilian Defense, Alapin Variation, General","B22","1.e4 c5 2.c3"
"Sicilian Defense, Najdorf Variation","B90-99","1.e4 c5 2.Nf3 d6 3.d4 cxd4 4.Nxd4 Nf6 5.Nc3 a6"
"Pirc Defense, General","B07","1.e4 d6 2.d4 Nf6"
"Sicilian Defense, Nyezhmetdinov-Rossolimo Attack, Fianchetto Variation","B31","1.e4 c5 2.Nf3 Nc6 3.Bb5 g6"
"French Defense, Exchange Variation","C01","1.e4 e6 2.d4 d5 3.exd5"
"Queen Pawn Game, London System","D02","1.d4 d5 2.Nf3 Nf6 3.Bf4"
"Zukertort Opening, Symmetrical Variation","A04","1.Nf3 Nf6"
"Sicilian Defense, Old Sicilian, General","B30","1.e4 c5 2.Nf3 Nc6"
"Sicilian Defense, French Variation","B40","1.e4 c5 2.Nf3 e6"
"Sicilian Defense, Canal Attack","B51","1.e4 c5 2.Nf3 d6 3.Bb5+"
"English Opening, King's English Variation, General","A20","1.c4 e5"
"Sicilian Defense, Najdorf Variation, English Attack","B90","1.e4 c5 2.Nf3 d6 3.d4 cxd4 4.Nxd4 Nf6 5.Nc3 a6 6.Be3"
"Italian Game, Classical Variation, Giuoco Pianissimo","C53","1.e4 e5 2.Nf3 Nc6 3.Bc4 Bc5 4.c3 Nf6 5.d3"
"Catalan Opening, Closed Variation","E06","1.d4 Nf6 2.c4 e6 3.g3 d5 4.Bg2 Be7 5.Nf3"
"Sicilian Defense, Canal Attack, Main Line","B52","1.e4 c5 2.Nf3 d6 3.Bb5+ Bd7"
"Modern Defense, Standard Defense","B06","1.e4 g6 2.d4 Bg7 3.Nc3 d6"
"Modern Defense, Queen Pawn Fianchetto","A40","1.d4 g6"
"Sicilian Defense, Alapin Variation, Smith-Morra Declined","B22","1.e4 c5 2.c3 Nf6 3.e5 Nd5 4.d4 cxd4"
"English Opening, Anglo-Indian Defense, King's Knight Variation","A15","1.c4 Nf6 2.Nf3"
"Sicilian Defense, Alapin Variation, Barmen Defense","B22","1.e4 c5 2.c3 d5 3.exd5 Qxd5"
"French Defense, King's Indian Attack","C00","1.e4 e6 2.d3"
"Modern Defense, King Pawn Fianchetto","B06","1.e4 g6"
"Semi-Slav Defense, General","D43","1.d4 d5 2.c4 e6 3.Nc3 Nf6 4.Nf3 c6"
"King's Indian Attack, Symmterical Defense","A05","1.Nf3 Nf6 2.g3 g6"
"Indian Game, Anti-Nimzo-indian","E10","1.d4 Nf6 2.c4 e6 3.Nf3"
"English Opening, Anglo-Indian Defense, King's Indian Formation","A15","1.c4 Nf6 2.Nf3 g6"
"Queen's Gambit Declined, General","D30","1.d4 d5 2.c4 e6"
"Queen Pawn Game, Sarratt Attack","D00","1.d4 d5 2.Bf4"
"Sicilian Defense, Kan Variation, Knight Variation","B43","1.e4 c5 2.Nf3 e6 3.d4 cxd4 4.Nxd4 a6 5.Nc3"
"Queen's Gambit Declined, Exchange Variation, Positional Variation","D35","1.d4 d5 2.c4 e6 3.Nc3 Nf6 4.cxd5 exd5 5.Bg5"
"Queen Pawn Game, Zukertort Variation","D02","1.d4 d5 2.Nf3"
"Sicilian Defense, Paulsen Variation, Bastrikov Variation","B47","1.e4 c5 2.Nf3 e6 3.d4 cxd4 4.Nxd4 Nc6 5.Nc3 Qc7"
"Italian Game, Two Knights Defense, Modern Bishop's Opening","C55","1.e4 e5 2.Nf3 Nc6 3.Bc4 Nf6 4.d3"
"King's Indian Defense, Normal Variation, King's Knight Variation","E60","1.d4 Nf6 2.c4 g6 3.Nf3"
"Caro-Kann Defense, Exchange Variation","B13","1.e4 c6 2.d4 d5 3.exd5"
"Sicilian Defense, Closed Variation, Traditional","B25","1.e4 c5 2.Nc3 Nc6"
"Philidor Defense, Lion Variation","C41","1.e4 e5 2.Nf3 d6 3.d4 Nd7 4.Nc3 Ngf6"
"Slav Defense, General","D10","1.d4 d5 2.c4 c6"
"Slav Defense, Modern Line","D11","1.d4 d5 2.c4 c6 3.Nf3"
"Queen Pawn Game, Symmetrical Variation","D02","1.d4 d5 2.Nf3 Nf6"
"Sicilian Defense, Lasker-Pelikan Variation, Sveshnikov Variation, Chelyabinsk Variation","B33","1.e4 c5 2.Nf3 Nc6 3.d4 cxd4 4.Nxd4 Nf6 5.Nc3 e5 6.Ndb5 d6 7.Bg5 a6 8.Na3 b5 9.Nd5"
"Sicilian Defense, Modern Variations","B50","1.e4 c5 2.Nf3 d6"
"Sicilian Defense, Delayed Alapin Variation","B40","1.e4 c5 2.Nf3 e6 3.c3"
"Sicilian Defense, Delayed Alapin","B50","1.e4 c5 2.Nf3 d6 3.c3"
"Horwitz Defense, General","A40","1.d4 e6"
"Semi-Slav Defense, Stoltz Variation","D45","1.d4 d5 2.c4 e6 3.Nc3 Nf6 4.Nf3 c6 5.e3 Nbd7 6.Qc2"
"Catalan Opening, General","E00","1.d4 Nf6 2.c4 e6 3.g3"
"Sicilian Defense, Kan Variation, Modern Variation","B42","1.e4 c5 2.Nf3 e6 3.d4 cxd4 4.Nxd4 a6 5.Bd3"
"English Opening, Anglo-Indian Defense, Queen's Knight Variation","A16","1.c4 Nf6 2.Nc3"
"Sicilian Defense, Chekhover Variation","B53","1.e4 c5 2.Nf3 d6 3.d4 cxd4 4.Qxd4"
"Caro-Kann Defense, Advance Variation, Short Variation","B12","1.e4 c6 2.d4 d5 3.e5 Bf5 4.Nf3"
"French Defense, Steinitz Variation, Boleslavsky Variation","C11","1.e4 e6 2.d4 d5 3.Nc3 Nf6 4.e5 Nfd7 5.f4 c5 6.Nf3 Nc6 7.Be3"
"Indian Game, London System","A48","1.d4 Nf6 2.Nf3 g6 3.Bf4"
"Nimzo-Indian Defense, Classical Variation","E32","1.d4 Nf6 2.c4 e6 3.Nc3 Bb4 4.Qc2"
"Indian Game, Pseudo-King's Indian Variation","A49","1.d4 Nf6 2.Nf3 g6"
"English Opening, Anglo-Indian Defense, Mikenas-Carls Variation","A15","1.c4 Nf6"
"English Opening, Agincourt Defense, Neo Catalan Declined","A14","1.c4 e6 2.Nf3 d5 3.g3 Nf6 4.Bg2 Be7 5.O-O"
"Caro-Kann Defense, General","B10","1.e4 c6"
"Sicilian Defense, Grand Prix Attack","B23","1.e4 c5 2.Nc3 Nc6 3.f4"
"Indian Game, London System","A46","1.d4 Nf6 2.Nf3 e6 3.Bf4"
"Zukertort Opening, Kingside Fianchetto","A04","1.Nf3 g6"
"Catalan Opening, Open Defense","E04","1.d4 Nf6 2.c4 e6 3.g3 d5 4.Bg2 dxc4 5.Nf3"
"Slav Defense, Exchange Variation","D10","1.d4 d5 2.c4 c6 3.cxd5"
"Queen's Gambit Declined, Three Knights Variation, General","D37","1.d4 d5 2.c4 e6 3.Nc3 Nf6 4.Nf3"
"Sicilian Defense, Accelerated Dragon, Modern  Bc4 Variation","B35","1.e4 c5 2.Nf3 Nc6 3.d4 cxd4 4.Nxd4 g6 5.Nc3 Bg7 6.Be3 Nf6 7.Bc4"
"Nimzo-Larsen Attack, Modern Variation","A01","1.b3 e5"
"Spanish Game, General","C60","1.e4 e5 2.Nf3 Nc6 3.Bb5"
"English Opening, Agincourt Defense","A13","1.c4 e6"
"King's Indian Defense, Fianchetto Variation, Classical Fianchetto","E67","1.d4 Nf6 2.c4 g6 3.Nc3 Bg7 4.Nf3 d6 5.g3 O-O 6.Bg2 Nbd7 7.O-O e5"
"Gruenfeld Defense, Exchange Variation","D85","1.d4 Nf6 2.c4 g6 3.Nc3 d5 4.cxd5 Nxd5"
"Sicilian Defense, Closed Variation, Fianchetto Variation","B24","1.e4 c5 2.Nc3 Nc6 3.g3"
"Indian Game, Knights Variation, General","A46","1.d4 Nf6 2.Nf3"
"Bogo-Indian Defense, Grünfeld Variation","E11","1.d4 Nf6 2.c4 e6 3.Nf3 Bb4+ 4.Nbd2"
"English Opening, Great Snake Variation","A10","1.c4 g6"
"Indian Game, Przepiorka Variation","A49","1.d4 Nf6 2.Nf3 g6 3.g3"
"Slav Defense, Quiet Variation, Schallopp Defense","D12","1.d4 d5 2.c4 c6 3.Nf3 Nf6 4.e3 Bf5"
"King's Indian Defense, Orthodox Variation, General","E91","1.d4 Nf6 2.c4 g6 3.Nc3 Bg7 4.e4 d6 5.Nf3 O-O 6.Be2"
"Sicilian Defense, Kalashnikov Variation","B32","1.e4 c5 2.Nf3 Nc6 3.d4 cxd4 4.Nxd4 e5 5.Nb5 d6"
"Rat Defense, See also,  Modern Defense (for lines with ...g6)","A41","1.d4 d6"
"Zukertort Opening, Nimzo-Larsen Variation","A04","1.Nf3 Nf6 2.b3"
"Caro-Kann Defense, Advance Variation, Botvinnik-Carls Defense","B12","1.e4 c6 2.d4 d5 3.e5 c5"
"Queen Pawn Game, Symmetrical Variation, Pseudo-Catalan","D02","1.d4 d5 2.Nf3 Nf6 3.g3"
"Scandinavian Defense, Mieses-Kotroc Variation","B01","1.e4 d5 2.exd5 Qxd5"
"Gruenfeld Defense, Exchange Variation, Modern Exchange Variation","D85","1.d4 Nf6 2.c4 g6 3.Nc3 d5 4.cxd5 Nxd5 5.e4 Nxc3 6.bxc3 Bg7 7.Nf3"
"Bird Opening, Dutch Variation","A03","1.f4 d5"
"Modern Defense, Standard Line","B06","1.e4 g6 2.d4 Bg7 3.Nc3"
"Spanish Game, Morphy Defense, Anderssen Variation","C77","1.e4 e5 2.Nf3 Nc6 3.Bb5 a6 4.Ba4 Nf6 5.d3"
"Slav Defense, Quiet Variation","D11","1.d4 d5 2.c4 c6 3.Nf3 Nf6 4.e3"
"Sicilian Defense, Four Knights Variation","B45","1.e4 c5 2.Nf3 e6 3.d4 cxd4 4.Nxd4 Nf6 5.Nc3 Nc6"
"Caro-Kann Defense, Two Knights Attack","B10","1.e4 c6 2.Nc3 d5 3.Nf3"
"Sicilian Defense, Classical Variation, General","B56","1.e4 c5 2.Nf3 d6 3.d4 cxd4 4.Nxd4 Nf6 5.Nc3 Nc6"
"Indian Game, Yusupov-Rubinstein System","A46","1.d4 Nf6 2.Nf3 e6 3.e3"
"Hungarian Opening, General","A00","1.g3"
"Torre Attack, Fianchetto Defense","A48","1.d4 Nf6 2.Nf3 g6 3.Bg5"
"French Defense, Rubinstein Variation, Blackburne Defense","C10","1.e4 e6 2.d4 d5 3.Nc3 dxe4 4.Nxe4 Nd7"
"Czech Defense, General","B07","1.e4 d6 2.d4 Nf6 3.Nc3 c6"
"Scandinavian Defense, Main Lines","B01","1.e4 d5 2.exd5 Qxd5 3.Nc3 Qa5"
"Four Knights Game, Scotch Variation, Accepted","C47","1.e4 e5 2.Nf3 Nc6 3.Nc3 Nf6 4.d4 exd4"
"Sicilian Defense, Najdorf Variation, Adams Attack","B90","1.e4 c5 2.Nf3 d6 3.d4 cxd4 4.Nxd4 Nf6 5.Nc3 a6 6.h3"
"Spanish Game, Closed Variations","C84","1.e4 e5 2.Nf3 Nc6 3.Bb5 a6 4.Ba4 Nf6 5.O-O Be7"
"French Defense, Tarrasch Variation, Closed Variation, Main Line","C06","1.e4 e6 2.d4 d5 3.Nd2 Nf6 4.e5 Nfd7 5.Bd3 c5 6.c3 Nc6 7.Ne2 cxd4 8.cxd4"
"Sicilian Defense, Accelerated Dragon, Maroczy Bind","B38","1.e4 c5 2.Nf3 Nc6 3.d4 cxd4 4.Nxd4 g6 5.c4 Bg7 6.Be3"
"King's Pawn Opening, General","B00","1.e4"
"Sicilian Defense, General","B20-99","1.e4 c5"
"English Opening, Symmetrical Variation, General","A30","1.c4 c5"
"Sicilian Defense, Najdorf Variation, Opocensky Variation","B92","1.e4 c5 2.Nf3 d6 3.d4 cxd4 4.Nxd4 Nf6 5.Nc3 a6 6.Be2"
"English Opening, Anglo-Slav Variation, General","A11","1.c4 c6"
"Bogo-Indian Defense, Nimzowitsch Variation","E11","1.d4 Nf6 2.c4 e6 3.Nf3 Bb4+ 4.Bd2 Qe7"
"Sicilian Defense, Dragon Variation, Yugoslav Attack, Modern Line","B76","1.e4 c5 2.Nf3 d6 3.d4 cxd4 4.Nxd4 Nf6 5.Nc3 g6 6.Be3 Bg7 7.f3 O-O 8.Qd2 Nc6 9.O-O-O"
"King's Indian Defense, Normal Variation, Rare Defenses","E90","1.d4 Nf6 2.c4 g6 3.Nc3 Bg7 4.e4 d6 5.Nf3"
"Caro-Kann Defense, Advance Variation","B12","1.e4 c6 2.d4 d5 3.e5"
"King's Indian Defense, Fianchetto Variation, Panno Variation","E63","1.d4 Nf6 2.c4 g6 3.Nc3 Bg7 4.Nf3 d6 5.g3 O-O 6.Bg2 Nc6 7.O-O a6"
"Caro-Kann Defense, Advance Variation, Tal Variation","B12","1.e4 c6 2.d4 d5 3.e5 Bf5 4.h4"
"Scandinavian Defense, Gubinsky-Melts Defense","B01","1.e4 d5 2.exd5 Qxd5 3.Nc3 Qd6"
"Indian Game, Spielmann-Indian","A46","1.d4 Nf6 2.Nf3 c5"
"Indian Game, Wade-Tarkatower Defense","A46","1.d4 Nf6 2.Nf3 d6"
"Spanish Game, Morphy Defense","C78","1.e4 e5 2.Nf3 Nc6 3.Bb5 a6 4.Ba4 Nf6 5.O-O"
"French Defense, Advance Variation, Euwe Variation","C02","1.e4 e6 2.d4 d5 3.e5 c5 4.c3 Nc6 5.Nf3 Bd7"
"Torre Attack, Classical Defense","A46","1.d4 Nf6 2.Nf3 e6 3.Bg5"
"Caro-Kann Defense, Classical Variation","B18","1.e4 c6 2.d4 d5 3.Nc3 dxe4 4.Nxe4 Bf5"
"Italian Game, Giuoco Pianissimo, Normal","C50","1.e4 e5 2.Nf3 Nc6 3.Bc4 Bc5 4.d3 Nf6"
"Sicilian Defense, Paulsen Variation","B46","1.e4 c5 2.Nf3 e6 3.d4 cxd4 4.Nxd4 Nc6 5.Nc3 a6"
"King's Indian Defense, Makagonov Variation","E71","1.d4 Nf6 2.c4 g6 3.Nc3 Bg7 4.e4 d6 5.h3"
"Bird Opening, General","A02","1.f4"
"Caro-Kann Defense, Tartakower Variation","B15","1.e4 c6 2.d4 d5 3.Nc3 dxe4 4.Nxe4 Nf6 5.Nxf6+ exf6"
"Sicilian Defense, Kan Variation, Maroczy Bind, Reti Variation","B41","1.e4 c5 2.Nf3 e6 3.d4 cxd4 4.Nxd4 a6 5.c4"
"Nimzo-Larsen Attack, Classical Variation","A01","1.b3 d5"
"Alekhine Defense, Exchange Variation","B03","1.e4 Nf6 2.e5 Nd5 3.d4 d6 4.c4 Nb6 5.exd6"
"Indian Game, Kingside Fianchetto","E61","1.d4 Nf6 2.c4 g6"
"Caro-Kann Defense, Classical Variation, Seirawan Variation","B19","1.e4 c6 2.d4 d5 3.Nc3 dxe4 4.Nxe4 Bf5 5.Ng3 Bg6 6.h4 h6 7.Nf3 Nd7 8.h5 Bh7 9.Bd3 Bxd3 10.Qxd3"
"Zukertort Opening, Dutch Variation","A04","1.Nf3 f5"
"Dutch Defense, General","A80","1.d4 f5"
"Sicilian Defense, Paulsen Variation, Bastrikov Variation","B48","1.e4 c5 2.Nf3 e6 3.d4 cxd4 4.Nxd4 Nc6 5.Nc3 Qc7 6.Be3"
"Queen's Gambit Declined, Ragozin Defense","D38","1.d4 d5 2.c4 e6 3.Nc3 Nf6 4.Nf3 Bb4"
"King's Indian Defense, Orthodox Variation, Positional Defense","E94","1.d4 Nf6 2.c4 g6 3.Nc3 Bg7 4.e4 d6 5.Nf3 O-O 6.Be2 e5 7.O-O Nbd7"
"Queen's Gambit Declined, Exchange Variation, Positional Variation","D35","1.d4 d5 2.c4 e6 3.Nc3 Nf6 4.cxd5 exd5 5.Bg5 c6"
"Sicilian Defense, Scheveningen Variation, Classical Variation","B84","1.e4 c5 2.Nf3 d6 3.d4 cxd4 4.Nxd4 Nf6 5.Nc3 e6 6.Be2 a6"
"Italian Game, Italian Variation","C50","1.e4 e5 2.Nf3 Nc6 3.Bc4 Bc5"
"Slav Defense, Chameleon Variation","D15","1.d4 d5 2.c4 c6 3.Nf3 Nf6 4.Nc3 a6"
"King's Indian Defense, Saemisch Variation, Normal Defense","E81","1.d4 Nf6 2.c4 g6 3.Nc3 Bg7 4.e4 d6 5.f3 O-O"
"Nimzowitsch-Larsen Attack, General","A06","1.Nf3 d5 2.b3"
"English Opening, Symmetrical Variation, Anti-Benoni Variation","A31","1.c4 c5 2.Nf3 Nf6 3.d4"
"Sicilian Defense, Lasker-Pelikan Variation, General","B33","1.e4 c5 2.Nf3 Nc6 3.d4 cxd4 4.Nxd4 Nf6 5.Nc3 e5"
"Sicilian Defense, Accelerated Dragon, Modern Variation","B34","1.e4 c5 2.Nf3 Nc6 3.d4 cxd4 4.Nxd4 g6 5.Nc3"
"Zukertort Opening, Queen Pawn Defense","A06","1.Nf3 d5"
"Sicilian Defense, Hyperaccelerated Dragon","B27","1.e4 c5 2.Nf3 g6"
"Scotch Game, Mieses Variation","C45","1.e4 e5 2.Nf3 Nc6 3.d4 exd4 4.Nxd4 Nf6 5.Nxc6 bxc6 6.e5"
"Russian Game, Nimzowitsch Attack","C42","1.e4 e5 2.Nf3 Nf6 3.Nxe5 d6 4.Nf3 Nxe4 5.Nc3"
"English Opening, Symmetrical Variation, Two Knights Line","A37","1.c4 c5 2.Nc3 Nc6 3.g3 g6 4.Bg2 Bg7 5.Nf3"
"King's Indian Defense, Orthodox Variation, Gligoric-Taimanov System","E92","1.d4 Nf6 2.c4 g6 3.Nc3 Bg7 4.e4 d6 5.Nf3 O-O 6.Be2 e5 7.Be3"
"Scandinavian Defense, Main Lines, Mieses Variation","B01","1.e4 d5 2.exd5 Qxd5 3.Nc3 Qa5 4.d4 Nf6"
"English Opening, Symmetrical Variation, Symmetrical Variation","A36","1.c4 c5 2.Nc3 Nc6 3.g3 g6 4.Bg2 Bg7"
"Scandinavian Defense, Modern Variation","B01","1.e4 d5 2.exd5 Nf6"
"Caro-Kann Defense, Two Knights Attack, Mindeno Variation, Exchange Line","B11","1.e4 c6 2.Nc3 d5 3.Nf3 Bg4 4.h3 Bxf3"
"Owen Defense, General","B00","1.e4 b6"
"English Opening, Symmetrical Variation, Hedgehog Defense","A30","1.c4 c5 2.Nf3 Nf6 3.g3 b6 4.Bg2 Bb7 5.O-O e6 6.Nc3 Be7"
"Queen's Gambit Declined, Modern Variation","D50","1.d4 d5 2.c4 e6 3.Nc3 Nf6 4.Bg5"
"Sicilian Defense, Closed Variation","B26","1.e4 c5 2.Nc3 Nc6 3.g3 g6 4.Bg2 Bg7 5.d3 d6 6.Be3"
"Sicilian Defense, Najdorf Variation","B94","1.e4 c5 2.Nf3 d6 3.d4 cxd4 4.Nxd4 Nf6 5.Nc3 a6 6.Bg5"
"Sicilian Defense, Richter-Rauzer Variation, Neo-Modern Variation","B67","1.e4 c5 2.Nf3 d6 3.d4 cxd4 4.Nxd4 Nf6 5.Nc3 Nc6 6.Bg5 e6 7.Qd2 a6 8.O-O-O Bd7"
"English Opening, Agincourt Defense, King's Knight","A13","1.c4 e6 2.Nf3 d5"
"Queen Pawn Game, Veresov Attack","D00","1.d4 d5 2.Nc3"
"French Defense, Advance Variation, Paulsen Attack","C02","1.e4 e6 2.d4 d5 3.e5 c5 4.c3 Nc6 5.Nf3"
"English Opening, General","A10","1.c4"
"Benoni Defense, General","A43","1.d4 c5"
"Sicilian Defense, French Variation, Westerinen Attack","B40","1.e4 c5 2.Nf3 e6 3.b3"
"Rat Defense, English Rat","A41","1.d4 d6 2.c4 e5"
"French Defense, Tarrasch Variation, Morozevich Variation","C03","1.e4 e6 2.d4 d5 3.Nd2 Be7"
"Sicilian Defense, Kan Variation, Polugaevsky Variation","B42","1.e4 c5 2.Nf3 e6 3.d4 cxd4 4.Nxd4 a6 5.Bd3 Bc5"
"Queen's Gambit Declined, Charousek (Petrosian) Variation","D31","1.d4 d5 2.c4 e6 3.Nc3 Be7"
"Scotch Game, Classical Variation","C45","1.e4 e5 2.Nf3 Nc6 3.d4 exd4 4.Nxd4 Bc5"
"Nimzo-Indian Defense, Kmoch Variation","E20","1.d4 Nf6 2.c4 e6 3.Nc3 Bb4 4.f3"
"English Opening, King's English Variation, Four Knights Variation, Fianchetto Lines","A29","1.c4 e5 2.Nc3 Nc6 3.Nf3 Nf6 4.g3"
"French Defense, Tarrasch Variation, Open System, Euwe-Keres Line","C07","1.e4 e6 2.d4 d5 3.Nd2 c5 4.Ngf3"
"Sicilian Defense, Accelerated Dragon, Maroczy Bind, General","B36","1.e4 c5 2.Nf3 Nc6 3.d4 cxd4 4.Nxd4 g6 5.c4"
"Queen Pawn Game, Colle System","D04","1.d4 d5 2.Nf3 Nf6 3.e3"
"French Defense, Advance Variation, Main Line","C02","1.e4 e6 2.d4 d5 3.e5 c5 4.c3 Nc6 5.Nf3 Qb6 6.a3"
"Benko Gambit, Accepted, Fully Accepted Variation","A58","1.d4 Nf6 2.c4 c5 3.d5 b5 4.cxb5 a6 5.bxa6"
"Benoni Defense, Modern Variation","A56","1.d4 Nf6 2.c4 c5"
"French Defense, Tarrasch Variation, Closed Variation","C05","1.e4 e6 2.d4 d5 3.Nd2 Nf6 4.e5 Nfd7 5.Bd3 c5 6.c3 Nc6"
"Sicilian Defense, Najdorf Variation, Amsterdam Variation","B93","1.e4 c5 2.Nf3 d6 3.d4 cxd4 4.Nxd4 Nf6 5.Nc3 a6 6.f4"
"Caro-Kann Defense, Accelerated Panov Attack, Modern Variation","B10","1.e4 c6 2.c4 d5 3.exd5 cxd5 4.cxd5 Nf6"
"Queen Pawn Game, Chigorin  Variation","D02","1.d4 d5 2.Nf3 Nc6"
"Slav Defense, Czech Variation, Classical System","D18","1.d4 d5 2.c4 c6 3.Nf3 Nf6 4.Nc3 dxc4 5.a4 Bf5 6.e3"
"Modern Defense, Averbakh Variation","A42","1.d4 g6 2.c4 Bg7 3.Nc3 d6 4.e4"
"Sicilian Defense, Snyder Variation","B20","1.e4 c5 2.b3"
"English Opening, Anglo-Dutch Defense","A10","1.c4 f5"
"Queen Pawn Game, Levitsky Attack","D00","1.d4 d5 2.Bg5"
"Neo-Gruenfeld Defense, Classical Variation, Original Defense","D78","1.d4 Nf6 2.c4 g6 3.g3 d5 4.Bg2 Bg7 5.Nf3 O-O 6.O-O c6"
"Spanish Game, Morphy Defense, Breyer Defense, Zaitsev Hybrid","C95","1.e4 e5 2.Nf3 Nc6 3.Bb5 a6 4.Ba4 Nf6 5.O-O Be7 6.Re1 b5 7.Bb3 O-O 8.c3 d6 9.h3 Nb8 10.d4 Nbd7"
"French Defense, Tarrasch Variation, Chistyakov Defense","C07","1.e4 e6 2.d4 d5 3.Nd2 c5 4.exd5 Qxd5"
"Nimzo-Indian Defense, Three Knights Variation, Duchamp Variation","E21","1.d4 Nf6 2.c4 e6 3.Nc3 Bb4 4.Nf3 b6"
"Dutch Defense, Semi-Leningrad Variation","A81","1.d4 f5 2.g3 Nf6 3.Bg2 g6"
"Scotch Game, Schmidt Variation","C45","1.e4 e5 2.Nf3 Nc6 3.d4 exd4 4.Nxd4 Nf6"
"Nimzo-Indian Defense, Reshevsky Variation","E46","1.d4 Nf6 2.c4 e6 3.Nc3 Bb4 4.e3 O-O 5.Ne2"
"Sicilian Defense, Najdorf Variation","B96","1.e4 c5 2.Nf3 d6 3.d4 cxd4 4.Nxd4 Nf6 5.Nc3 a6 6.Bg5 e6 7.f4"
"King's Indian Defense, Orthodox Variation, Glek Defense","E94","1.d4 Nf6 2.c4 g6 3.Nc3 Bg7 4.e4 d6 5.Nf3 O-O 6.Be2 e5 7.O-O Na6"
"English Opening, Agincourt Defense, Catalan Defense Accepted","A13","1.c4 e6 2.Nf3 d5 3.g3 Nf6 4.Bg2 dxc4"
"Sicilian Defense, Najdorf Variation, Opocensky Variation, Traditional Line","B92","1.e4 c5 2.Nf3 d6 3.d4 cxd4 4.Nxd4 Nf6 5.Nc3 a6 6.Be2 e5 7.Nb3 Be7 8.O-O O-O"
"King's Indian Attack, Yugoslav Variation","A07","1.Nf3 d5 2.g3 Nf6 3.Bg2 c6 4.O-O Bg4"
"Sicilian Defense, Scheveningen Variation, English Attack","B80","1.e4 c5 2.Nf3 d6 3.d4 cxd4 4.Nxd4 Nf6 5.Nc3 e6 6.Be3 a6 7.f3"
"Modern Defense, Pseudo-Austrian Attack","B06","1.e4 g6 2.d4 Bg7 3.Nc3 d6 4.f4"
"Alekhine Defense, Scandinavian Variation","B02","1.e4 Nf6 2.Nc3 d5"
"Queen's Gambit Declined, Barmen Variation","D37","1.d4 d5 2.c4 e6 3.Nc3 Nf6 4.Nf3 Nbd7"
"Scotch Game, Scotch Gambit, Advance Variation","C45","1.e4 e5 2.Nf3 Nc6 3.d4 exd4 4.Bc4 Nf6 5.e5"
"Gruenfeld Defense, Three Knights Variation, Petrosian System","D91","1.d4 Nf6 2.c4 g6 3.Nc3 d5 4.Nf3 Bg7 5.Bg5"
"Sicilian Defense, Hyperaccelerated Fianchetto","A42","1.e4 c5 2.Nf3 g6 3.d4"
"Wade Defense, General","A41","1.d4 d6 2.Nf3 Bg4"
"Tarrasch Defense, Symmetrical Variation","D32","1.d4 d5 2.c4 e6 3.Nc3 c5 4.e3 Nf6 5.Nf3 Nc6"
"Nimzo-Larsen Attack, Indian Variation","A01","1.b3 Nf6"
"Sicilian Defense, McDonnell Attack","B21","1.e4 c5 2.f4"
"Sicilian Defense, Dragon Variation, General","B70","1.e4 c5 2.Nf3 d6 3.d4 cxd4 4.Nxd4 Nf6 5.Nc3 g6"
"Sicilian Defense, Scheveningen Variation, Keres Attack","B81","1.e4 c5 2.Nf3 d6 3.d4 cxd4 4.Nxd4 Nf6 5.Nc3 e6 6.g4"
"Caro-Kann Defense, Panov Attack","B14","1.e4 c6 2.d4 d5 3.exd5 cxd5 4.c4 Nf6 5.Nc3 e6"
"Queen's Gambit Accepted, Classical Defense, Main Lines","D27","1.d4 d5 2.c4 dxc4 3.Nf3 Nf6 4.e3 e6 5.Bxc4 c5 6.O-O a6"
"Old Indian Defense, General","A53","1.d4 Nf6 2.c4 d6"
"Sicilian Defense, Prins Variation","B54","1.e4 c5 2.Nf3 d6 3.d4 cxd4 4.Nxd4 Nf6 5.f3"
"Caro-Kann Defense, Breyer Variation","B10","1.e4 c6 2.d3"
"English Opening, Symmetrical Variation, Four Knights Variation","A35","1.c4 c5 2.Nc3 Nc6 3.Nf3 Nf6"
"Sicilian Defense, Godiva Variation","B32","1.e4 c5 2.Nf3 Nc6 3.d4 cxd4 4.Nxd4 Qb6"
"Spanish Game, Closed Variations, Martinez Variation","C78","1.e4 e5 2.Nf3 Nc6 3.Bb5 a6 4.Ba4 Nf6 5.O-O Be7 6.d3"
"Semi-Slav Defense, Accelerated Move Order","D31","1.d4 d5 2.c4 e6 3.Nc3 c6"
"Caro-Kann Defense, Exchange  Variation, Rubinstein Variation","B13","1.e4 c6 2.d4 d5 3.exd5 cxd5 4.Bd3 Nc6 5.c3 Nf6 6.Bf4"
"Bishop's Opening, Berlin Defense","C24","1.e4 e5 2.Bc4 Nf6"
"Sicilian Defense, Lasker-Pelikan Variation, Sveshnikov Variation","B33","1.e4 c5 2.Nf3 Nc6 3.d4 cxd4 4.Nxd4 Nf6 5.Nc3 e5 6.Ndb5 d6 7.Bg5 a6 8.Na3 b5 9.Bxf6 gxf6 10.Nd5 f5"
"Sicilian Defense, Najdorf Variation, Zagreb (Fianchetto) Variation","B91","1.e4 c5 2.Nf3 d6 3.d4 cxd4 4.Nxd4 Nf6 5.Nc3 a6 6.g3"
"Sicilian Defense, Paulsen Variation, General","B44","1.e4 c5 2.Nf3 e6 3.d4 cxd4 4.Nxd4 Nc6"
"Trompowsky Attack, Classical Defense, Big Center Variation","A45","1.d4 Nf6 2.Bg5 e6 3.e4"
"Slav Defense, Exchange Variation","D13","1.d4 d5 2.c4 c6 3.Nf3 Nf6 4.cxd5 cxd5"
"French Defense, Chigorin Variation","C00","1.e4 e6 2.Qe2"
"Alekhine Defense, Modern Variation, Main Line","B05","1.e4 Nf6 2.e5 Nd5 3.d4 d6 4.Nf3 Bg4"
"Four Knights Game, General","C46","1.e4 e5 2.Nf3 Nc6 3.Nc3 Nf6"
"Caro-Kann Defense, Classical Variation, Main lines","B18","1.e4 c6 2.d4 d5 3.Nc3 dxe4 4.Nxe4 Bf5 5.Ng3 Bg6 6.h4"
"Pirc Defense, Classical Variation, Two Knights System","B08","1.e4 d6 2.d4 Nf6 3.Nc3 g6 4.Nf3 Bg7"
"French Defense, Winawer Variation, Advance Variation, General","C16","1.e4 e6 2.d4 d5 3.Nc3 Bb4 4.e5"
"King's Indian Defense, Fianchetto Variation, Classical Main Line","E69","1.d4 Nf6 2.c4 g6 3.Nc3 Bg7 4.Nf3 d6 5.g3 O-O 6.Bg2 Nbd7 7.O-O e5 8.e4 c6 9.h3"
"Queen's Gambit Declined, Cambridge Springs Variation","D52","1.d4 d5 2.c4 e6 3.Nc3 Nf6 4.Bg5 Nbd7 5.Nf3 c6 6.e3 Qa5"
"Queen's Gambit Declined, Tartakower Defense, General","D58","1.d4 d5 2.c4 e6 3.Nc3 Nf6 4.Bg5 Be7 5.e3 O-O 6.Nf3 h6 7.Bh4 b6"
"Philidor Defense, Exchange Variation","C41","1.e4 e5 2.Nf3 d6 3.d4 exd4 4.Nxd4 Nf6"
"Queen's Indian Defense, Fianchetto Variation, Nimzowitsch Variation","E15","1.d4 Nf6 2.c4 e6 3.Nf3 b6 4.g3 Ba6"
"Caro-Kann Defense, Maroczy Variation","B12","1.e4 c6 2.d4 d5 3.f3"
"Gruenfeld Defense, General","D80","1.d4 Nf6 2.c4 g6 3.Nc3 d5"
"Hungarian Opening, Indian Defense","A00","1.g3 Nf6"
"Pirc Defense, Austrian Attack, Weiss Variation","B09","1.e4 d6 2.d4 Nf6 3.Nc3 g6 4.f4 Bg7 5.Nf3 O-O 6.Bd3"
"Queen's Indian Defense, Fianchetto Variation, Check Variation, Intermezzo Line","E15","1.d4 Nf6 2.c4 e6 3.Nf3 b6 4.g3 Ba6 5.b3 Bb4+ 6.Bd2 Be7"
"French Defense, Rubinstein Variation, Fort Knox Variation","C10","1.e4 e6 2.d4 d5 3.Nc3 dxe4 4.Nxe4 Bd7 5.Nf3 Bc6"
"Slav Defense, Quiet Variation, Pin Defense","D12","1.d4 d5 2.c4 c6 3.Nf3 Nf6 4.e3 Bg4"
"French Defense, Two Knights Variation","C00","1.e4 e6 2.Nc3 d5 3.Nf3"
"Queen's Gambit Declined, Queen's Knight Variation","D31","1.d4 d5 2.c4 e6 3.Nc3"
"King's Indian Defense, Petrosian Variation, Stein Defense","E92","1.d4 Nf6 2.c4 g6 3.Nc3 Bg7 4.e4 d6 5.Nf3 O-O 6.Be2 e5 7.d5 a5"
"Sicilian Defense, Richter-Rauzer Variation, Neo-Modern Variation, Early deviations","B62","1.e4 c5 2.Nf3 d6 3.d4 cxd4 4.Nxd4 Nf6 5.Nc3 Nc6 6.Bg5 e6 7.Qd2 a6"
"French Defense, Winawer Variation, Poisoned Pawn Variation, General","C18","1.e4 e6 2.d4 d5 3.Nc3 Bb4 4.e5 c5 5.a3 Bxc3+ 6.bxc3 Ne7 7.Qg4"
"Sicilian Defense, Löwenthal Variation","B32","1.e4 c5 2.Nf3 Nc6 3.d4 cxd4 4.Nxd4 e5"
"Bishop's Opening, Vienna Hybrid","C28","1.e4 e5 2.Bc4 Nf6 3.d3 Nc6 4.Nc3"
"Dutch Defense, Queen's Knight Variation","A85","1.d4 f5 2.c4 Nf6 3.Nc3"
"Sicilian Defense, Najdorf Variation, Main Line","B99","1.e4 c5 2.Nf3 d6 3.d4 cxd4 4.Nxd4 Nf6 5.Nc3 a6 6.Bg5 e6 7.f4 Be7 8.Qf3 Qc7 9.O-O-O Nbd7"
"Zukertort Opening, Queen's Gambit Invitation","A04","1.Nf3 e6"
"Queen's Indian Defense, Classical Variation, Traditional Variation","E17","1.d4 Nf6 2.c4 e6 3.Nf3 b6 4.g3 Bb7 5.Bg2 Be7 6.O-O O-O 7.Nc3"
"King's Indian Defense, Orthodox Variation, Bayonet Attack","E97","1.d4 Nf6 2.c4 g6 3.Nc3 Bg7 4.e4 d6 5.Nf3 O-O 6.Be2 e5 7.O-O Nc6 8.d5 Ne7 9.b4"
"King's Indian Defense, Fianchetto Variation, Immediate Fianchetto","E60","1.d4 Nf6 2.c4 g6 3.g3"
"Reti Opening, General","A09","1.Nf3 d5 2.c4"
"Nimzo-Indian Defense, Classical Variation, Keres Defense","E32","1.d4 Nf6 2.c4 e6 3.Nc3 Bb4 4.Qc2 O-O 5.a3 Bxc3+ 6.Qxc3 b6"
"Spanish Game, Berlin Defense, Rio Gambit Accepted","C67","1.e4 e5 2.Nf3 Nc6 3.Bb5 Nf6 4.O-O Nxe4"
"Indian Game, Tartakower Attack","A45","1.d4 Nf6 2.g3"
"Benoni Defense, Benoni-Indian Defense, Kingside move order","A43","1.d4 c5 2.d5 Nf6 3.Nf3"
"French Defense, Tarrasch Variation, Closed Variation","C05","1.e4 e6 2.d4 d5 3.Nd2 Nf6"
"French Defense, Classical Variation, Burn Variation","C11","1.e4 e6 2.d4 d5 3.Nc3 Nf6 4.Bg5 dxe4"
"English Opening, King's English Variation, Reversed Closed Sicilian","A25","1.c4 e5 2.Nc3 Nc6"
"Indian Game, Queen's Pawn Opening","E00","1.d4 Nf6 2.c4 e6"
"Nimzo-Indian Defense, Classical Variation, Berlin Variation","E38","1.d4 Nf6 2.c4 e6 3.Nc3 Bb4 4.Qc2 c5"
"Queen Pawn Game, General","D00","1.d4 d5"
"French Defense, Tarrasch Variation, Guimard Defense, Main Line","C04","1.e4 e6 2.d4 d5 3.Nd2 Nc6 4.Ngf3 Nf6"
"Zukertort Opening, Pirc Invitation","A04","1.Nf3 d6"
"Dutch Defense, Leningrad Variation, Warsaw Variation","A88","1.d4 f5 2.c4 Nf6 3.g3 g6 4.Bg2 Bg7 5.Nf3 O-O 6.O-O d6 7.Nc3 c6"
"English Opening, King's English Variation, Reversed Sicilian","A21","1.c4 e5 2.Nc3"
"Sicilian Defense, Kan Variation, Wing Attack","B43","1.e4 c5 2.Nf3 e6 3.d4 cxd4 4.Nxd4 a6 5.Nc3 b5"
"French Defense, Winawer Variation, Delayed Exchange Variation","C01","1.e4 e6 2.d4 d5 3.Nc3 Bb4 4.exd5"
"English Opening, King's English Variation, Kramnik-Shirov Counter","A21","1.c4 e5 2.Nc3 Bb4"
"Spanish Game, Berlin Defense, l'Hermet Variation, Berlin Wall Defense","C67","1.e4 e5 2.Nf3 Nc6 3.Bb5 Nf6 4.O-O Nxe4 5.d4 Nd6 6.Bxc6 dxc6 7.dxe5 Nf5 8.Qxd8+ Kxd8"
"Sicilian Defense, Closed Variation","B25","1.e4 c5 2.Nc3 Nc6 3.g3 g6 4.Bg2 Bg7 5.d3 d6 6.f4"
"Reti Opening, Advance Variation","A09","1.Nf3 d5 2.c4 d4"
"Spanish Game, Cozio Defense, General","C60","1.e4 e5 2.Nf3 Nc6 3.Bb5 Nge7"
"Caro-Kann Defense, Karpov Variation","B17","1.e4 c6 2.d4 d5 3.Nc3 dxe4 4.Nxe4 Nd7"
"French Defense, Classical Variation, Steinitz Variation","C11","1.e4 e6 2.d4 d5 3.Nc3 Nf6 4.e5"
"Spanish Game, Closed Variations, Bogoljubow Variation","C91","1.e4 e5 2.Nf3 Nc6 3.Bb5 a6 4.Ba4 Nf6 5.O-O Be7 6.Re1 b5 7.Bb3 O-O 8.c3 d6 9.d4 Bg4"
"Modern Defense, Two Knights Variation","B06","1.e4 g6 2.d4 Bg7 3.Nc3 d6 4.Nf3"
"Sicilian Defense, Kramnik Variation","B40","1.e4 c5 2.Nf3 e6 3.c4"
"Sicilian Defense, Four Knights Variation, Exchange Variation","B45","1.e4 c5 2.Nf3 e6 3.d4 cxd4 4.Nxd4 Nf6 5.Nc3 Nc6 6.Nxc6"
"Sicilian Defense, Paulsen Variation, Bastrikov Variation, English Attack","B48","1.e4 c5 2.Nf3 e6 3.d4 cxd4 4.Nxd4 Nc6 5.Nc3 Qc7 6.Be3 a6 7.Qd2"
"Benoni Defense, Czech Benoni Defense","A56","1.d4 Nf6 2.c4 c5 3.d5 e5"
"King's Indian Defense, Semi-Averbakh System","E73","1.d4 Nf6 2.c4 g6 3.Nc3 Bg7 4.e4 d6 5.Be2 O-O 6.Be3"
"Benoni Defense, Fianchetto Variation","A62","1.d4 Nf6 2.c4 c5 3.d5 e6 4.Nc3 exd5 5.cxd5 d6 6.Nf3 g6 7.g3 Bg7 8.Bg2 O-O"
"French Defense, Schlechter Variation","C00","1.e4 e6 2.d4 d5 3.Bd3"
"Polish Opening, General","A00","1.b4"
"Catalan Opening, Closed Variation","E01","1.d4 Nf6 2.c4 e6 3.g3 d5 4.Bg2"
"Indian Game, Pseudo-Queen's Indian","A47","1.d4 Nf6 2.Nf3 b6"
"King's Indian Defense, Orthodox Variation, Classical System, Misc. Lines","E98","1.d4 Nf6 2.c4 g6 3.Nc3 Bg7 4.e4 d6 5.Nf3 O-O 6.Be2 e5 7.O-O Nc6 8.d5 Ne7 9.Ne1"
"King's Indian Attack, Sicilian Variation","A08","1.Nf3 d5 2.g3 c5 3.Bg2"
"King's Indian Defense, Normal Variation","E70","1.d4 Nf6 2.c4 g6 3.Nc3 Bg7 4.e4"
"Benko Gambit, Accepted, Pawn Return Variation","A57","1.d4 Nf6 2.c4 c5 3.d5 b5 4.cxb5 a6 5.b6"
"English Opening, King's English Variation, Two Knights' Variation, Reversed Dragon","A22","1.c4 e5 2.Nc3 Nf6 3.g3 d5"
"Caro-Kann Defense, Panov Attack, Modern Defense","B13","1.e4 c6 2.d4 d5 3.exd5 cxd5 4.c4 Nf6 5.Nc3 Nc6"
"Nimzo-Indian Defense, Panov Attack, Main Line","E54","1.d4 Nf6 2.c4 e6 3.Nc3 Bb4 4.e3 c5 5.Nf3 cxd4 6.exd4 d5"
"Sicilian Defense, Alapin Variation, Barmen Defense, Modern Line","B22","1.e4 c5 2.c3 d5 3.exd5 Qxd5 4.d4 Nf6 5.Nf3 Bg4"
"Nimzo-Indian Defense, Three Knights Variation","E21","1.d4 Nf6 2.c4 e6 3.Nc3 Bb4 4.Nf3"
"Dutch Defense, Hopton Attack","A80","1.d4 f5 2.Bg5"
"Queen's Gambit Accepted, Old Variation","D20","1.d4 d5 2.c4 dxc4 3.e3"
"Italian Game, Giuoco Pianissimo, Italian Four Knights Variation","C50","1.e4 e5 2.Nf3 Nc6 3.Bc4 Bc5 4.d3 Nf6 5.Nc3"
"Italian Game, Hungarian Defense","C50","1.e4 e5 2.Nf3 Nc6 3.Bc4 Be7"
"Pirc Defense, Byrne Variation","B07","1.e4 d6 2.d4 Nf6 3.Nc3 g6 4.Bg5"
"Sicilian Defense, Classical Variation, Anti-Sozin Variation","B57","1.e4 c5 2.Nf3 d6 3.d4 cxd4 4.Nxd4 Nf6 5.Nc3 Nc6 6.Bc4 Qb6"
"King's Indian Defense, Exchange Variation","E92","1.d4 Nf6 2.c4 g6 3.Nc3 Bg7 4.e4 d6 5.Nf3 O-O 6.Be2 e5 7.dxe5"
"Scotch Game, General","C45","1.e4 e5 2.Nf3 Nc6 3.d4 exd4 4.Nxd4"
"Pirc Defense, Classical Variation, Schlechter Variation","B08","1.e4 d6 2.d4 Nf6 3.Nc3 g6 4.Nf3 Bg7 5.h3"
"King's Indian Defense, Fianchetto Variation, Uhlmann-Szabo System","E62","1.d4 Nf6 2.c4 g6 3.Nc3 Bg7 4.Nf3 d6 5.g3 O-O 6.Bg2 Nc6 7.O-O e5"
"Russian Game, Modern Attack, Center Variation","C43","1.e4 e5 2.Nf3 Nf6 3.d4 Nxe4 4.Bd3"
"Spanish Game, Closed Variations, Flohr System","C92","1.e4 e5 2.Nf3 Nc6 3.Bb5 a6 4.Ba4 Nf6 5.O-O Be7 6.Re1 b5 7.Bb3 O-O 8.c3 d6 9.h3 Bb7"
"Old Indian Defense, Normal Variation","A55","1.d4 Nf6 2.c4 d6 3.Nc3 e5 4.Nf3 Nbd7 5.e4"
"Queen's Indian Defense, Spassky System","E14","1.d4 Nf6 2.c4 e6 3.Nf3 b6 4.e3"
"King's Indian Attack, Sicilian Variation","A08","1.Nf3 d5 2.g3 c5 3.Bg2 Nc6 4.O-O e6 5.d3 Nf6 6.Nbd2 Be7 7.e4 O-O 8.Re1"
"Sicilian Defense, French Variation, Normal","B40","1.e4 c5 2.Nf3 e6 3.d4 cxd4 4.Nxd4 Nf6"
"Benoni Defense, King Pawn lines","A65","1.d4 Nf6 2.c4 c5 3.d5 e6 4.Nc3 exd5 5.cxd5 d6 6.e4"
"Semi-Slav Defense, Main Lines","D45","1.d4 d5 2.c4 e6 3.Nc3 Nf6 4.Nf3 c6 5.e3"
"English Opening, Anglo-Indian Defense, Queen's Indian Formation","A13","1.c4 Nf6 2.Nf3 e6 3.g3 b6 4.Bg2 Bb7"
"Sicilian Defense, Scheveningen Variation","B80","1.e4 c5 2.Nf3 d6 3.d4 cxd4 4.Nxd4 Nf6 5.Nc3 e6"
"English Opening, Symmetrical Variation, Botvinnik System Reversed","A37","1.c4 c5 2.Nc3 Nc6 3.g3 g6 4.Bg2 Bg7 5.Nf3 e5"
"French Defense, Normal Variation","C10","1.e4 e6 2.d4 d5 3.Nc3"
"Sicilian Defense, Sozin Attack, Flank Variation","B87","1.e4 c5 2.Nf3 d6 3.d4 cxd4 4.Nxd4 Nf6 5.Nc3 e6 6.Bc4 a6 7.Bb3 b5"
"Scandinavian Defense, Marshall Variation","B01","1.e4 d5 2.exd5 Nf6 3.d4 Nxd5"
"Van Geet Opening, General","A00","1.Nc3"
"English Opening, English Defense, General","A10","1.c4 e6 2.d4 b6"
"Philidor Defense, General","C41","1.e4 e5 2.Nf3 d6"
"King's Indian Defense, Orthodox Variation","E94","1.d4 Nf6 2.c4 g6 3.Nc3 Bg7 4.e4 d6 5.Nf3 O-O 6.Be2 e5 7.O-O"
"Queen's Gambit Declined, Vienna Variation","D44","1.d4 d5 2.c4 e6 3.Nc3 Nf6 4.Nf3 dxc4"
"Nimzowitsch Defense, Williams Variation","B00","1.e4 Nc6 2.Nf3 d6"
"Queen Pawn Game, Steinitz Countergambit","D00","1.d4 d5 2.Bf4 c5"
"French Defense, Exchange Variation, Monte Carlo Variation","C01","1.e4 e6 2.d4 d5 3.exd5 exd5 4.c4"
"King's Indian Defense, Six Pawns Attack","E77","1.d4 Nf6 2.c4 g6 3.Nc3 Bg7 4.e4 d6"
"Spanish Game, Morphy Defense, Archangelsk Variation","C78","1.e4 e5 2.Nf3 Nc6 3.Bb5 a6 4.Ba4 Nf6 5.O-O b5 6.Bb3 Bb7"
"Caro-Kann Defense, Bronstein-Larsen Variation","B16","1.e4 c6 2.d4 d5 3.Nc3 dxe4 4.Nxe4 Nf6 5.Nxf6+ gxf6"
"French Defense, Winawer Variation, Advance Variation","C18","1.e4 e6 2.d4 d5 3.Nc3 Bb4 4.e5 c5 5.a3 Bxc3+ 6.bxc3"
"French Defense, Tarrasch Variation, Open System","C07","1.e4 e6 2.d4 d5 3.Nd2 c5"
"Sicilian Defense, Lasker-Pelikan Variation, Sveshnikov Variation, Novosibirsk Variation","B33","1.e4 c5 2.Nf3 Nc6 3.d4 cxd4 4.Nxd4 Nf6 5.Nc3 e5 6.Ndb5 d6 7.Bg5 a6 8.Na3 b5 9.Bxf6 gxf6 10.Nd5 Bg7"
"French Defense, Tarrasch Variation, Pawn Center Variation","C05","1.e4 e6 2.d4 d5 3.Nd2 Nf6 4.e5 Nfd7 5.f4"
"King's Indian Defense, Steiner Attack","E76","1.d4 Nf6 2.c4 g6 3.Nc3 Bg7 4.e4 d6 5.f3 O-O 6.Bg5"
"English Opening, Symmetrical Variation, Three Knights Variation","A34","1.c4 c5 2.Nc3 Nf6 3.Nf3 d5 4.cxd5 Nxd5"
"Spanish Game, Fianchetto Defense","C60","1.e4 e5 2.Nf3 Nc6 3.Bb5 g6"
"Queen Pawn Game, Torre Attack","D03","1.d4 d5 2.Nf3 Nf6 3.Bg5"
"Sicilian Defense, Paulsen Variation, Szen Variation","B44","1.e4 c5 2.Nf3 e6 3.d4 cxd4 4.Nxd4 Nc6 5.Nb5"
"Russian Game, Three Knights Game","C42","1.e4 e5 2.Nf3 Nf6 3.Nc3"
"Spanish Game, Closed Variations, Chigorin Defense","C97","1.e4 e5 2.Nf3 Nc6 3.Bb5 a6 4.Ba4 Nf6 5.O-O Be7 6.Re1 b5 7.Bb3 O-O 8.c3 d6 9.h3 Na5 10.Bc2 c5 11.d4 Qc7"
"Vienna Game, Mieses Variation","C26","1.e4 e5 2.Nc3 Nf6 3.g3"
"King's Indian Attack, Wahls Defense","A05","1.Nf3 Nf6 2.g3 g6 3.Bg2 Bg7 4.O-O O-O 5.d3 d5"
"Bogo-Indian Defense, Wade-Smyslov Variation","E11","1.d4 Nf6 2.c4 e6 3.Nf3 Bb4+ 4.Bd2 a5"
"Hungarian Opening, Symmetrical Variation","A00","1.g3 g6"
"Neo-Gruenfeld Defense, Ultra-delayed Exchange Variation","D79","1.d4 Nf6 2.c4 g6 3.g3 d5 4.Bg2 Bg7 5.Nf3 O-O 6.O-O c6 7.cxd5 cxd5"
"English Opening, King's English Variation, Taimanov Variation","A25","1.c4 e5 2.Nc3 Nc6 3.g3 g6 4.Bg2 Bg7"
"Slav Defense, Exchange Variation, Symmetrical Line","D14","1.d4 d5 2.c4 c6 3.Nf3 Nf6 4.cxd5 cxd5 5.Nc3 Nc6 6.Bf4 Bf5"
"Spanish Game, Exchange Variation, Gligoric Variation","C69","1.e4 e5 2.Nf3 Nc6 3.Bb5 a6 4.Bxc6 dxc6 5.O-O f6"
"Scotch Game, Potter Variation","C45","1.e4 e5 2.Nf3 Nc6 3.d4 exd4 4.Nxd4 Bc5 5.Nb3"
"English Opening, Symmetrical Variation, Anti-Benoni Variation, Spielmann Defense","A33","1.c4 c5 2.Nf3 Nf6 3.d4 cxd4 4.Nxd4 e6 5.Nc3 Nc6"
"King's Indian Defense, Fianchetto Variation, Kavalek  Defense","E62","1.d4 Nf6 2.c4 g6 3.Nc3 Bg7 4.Nf3 d6 5.g3 O-O 6.Bg2 c6 7.O-O Qa5"
"Dutch Defense, Raphael Variation","A80","1.d4 f5 2.Nc3"
"English Opening, Anglo-Indian Defense, Nimzo-English Opening","A17","1.c4 Nf6 2.Nc3 e6 3.Nf3 Bb4"
"Spanish Game, Morphy Defense, Modern Steinitz Defense","C72","1.e4 e5 2.Nf3 Nc6 3.Bb5 a6 4.Ba4 d6 5.O-O"
"Pirc Defense, Classical Variation, Quiet System, Czech Defense","B08","1.e4 d6 2.d4 Nf6 3.Nc3 g6 4.Nf3 Bg7 5.Be2 O-O 6.O-O c6"
"French Defense, Tarrasch Variation, Open System, Main Line","C09","1.e4 e6 2.d4 d5 3.Nd2 c5 4.exd5 exd5 5.Ngf3 Nc6"
"Queen's Gambit Declined, Harrwitz Attack","D37","1.d4 d5 2.c4 e6 3.Nc3 Nf6 4.Nf3 Be7 5.Bf4"
"Trompowsky Attack, Classical Defense","A45","1.d4 Nf6 2.Bg5 e6"
"Spanish Game, Steinitz Defense","C62","1.e4 e5 2.Nf3 Nc6 3.Bb5 d6"
"Gruenfeld Defense, Three Knights Variation","D90","1.d4 Nf6 2.c4 g6 3.Nc3 d5 4.Nf3 Bg7"
"French Defense, Advance Variation, Wade Variation","C02","1.e4 e6 2.d4 d5 3.e5 c5 4.c3 Qb6 5.Nf3 Bd7"
"Queen's Gambit Declined, Modern Variation, Normal Line","D55","1.d4 d5 2.c4 e6 3.Nc3 Nf6 4.Bg5 Be7 5.e3 O-O 6.Nf3"
"Semi-Slav Defense, Normal Variation","D45","1.d4 d5 2.c4 e6 3.Nc3 Nf6 4.Nf3 c6 5.e3 Nbd7"
"Sicilian Defense, Lasker-Dunne Attack","B20","1.e4 c5 2.g3"
"Sicilian Defense, Najdorf Variation","B95","1.e4 c5 2.Nf3 d6 3.d4 cxd4 4.Nxd4 Nf6 5.Nc3 a6 6.Bg5 e6"
"King's Indian Attack, Spassky Variation","A05","1.Nf3 Nf6 2.g3 b5"
"French Defense, Advance Variation, Milner-Barry Gambit","C02","1.e4 e6 2.d4 d5 3.e5 c5 4.c3 Nc6 5.Nf3 Qb6 6.Bd3"
"Budapest Defense, Adler Variation","A52","1.d4 Nf6 2.c4 e5 3.dxe5 Ng4 4.Nf3"
"King's Indian Defense, Orthodox Variation, Aronin-Taimanov Defense","E97","1.d4 Nf6 2.c4 g6 3.Nc3 Bg7 4.e4 d6 5.Nf3 O-O 6.Be2 e5 7.O-O Nc6"
"Colle System","D05","1.d4 d5 2.Nf3 Nf6 3.e3 e6 4.Bd3"
"Mexican Defense, General","A50","1.d4 Nf6 2.c4 Nc6"
"English Opening, King's English Variation, Three Knights System, General","A27","1.c4 e5 2.Nc3 Nc6 3.Nf3"
"French Defense, Tarrasch Variation","C03","1.e4 e6 2.d4 d5 3.Nd2"
"Spanish Game, Schliemann Defense","C63","1.e4 e5 2.Nf3 Nc6 3.Bb5 f5"
"Pirc Defense, Classical Variation, Quiet System","B08","1.e4 d6 2.d4 Nf6 3.Nc3 g6 4.Nf3 Bg7 5.Be2"
"Anderssen Opening, General","A00","1.a3"
"Neo-Gruenfeld Defense, Classical Variation, Modern Defense","D78","1.d4 Nf6 2.c4 g6 3.g3 d5 4.Bg2 Bg7 5.Nf3 O-O 6.O-O dxc4"
"English Opening, King's English Variation, Two Knights' Variation, General","A22","1.c4 e5 2.Nc3 Nf6"
"Queen's Gambit Declined, Janowski Variation","D31","1.d4 d5 2.c4 e6 3.Nc3 a6"
"King's Indian Attack, Double Fianchetto","A07","1.Nf3 d5 2.g3 g6"
"Caro-Kann Defense, Classical Variation, Lobron System","B19","1.e4 c6 2.d4 d5 3.Nc3 dxe4 4.Nxe4 Bf5 5.Ng3 Bg6 6.h4 h6 7.Nf3 Nd7 8.h5 Bh7 9.Bd3 Bxd3 10.Qxd3 e6 11.Bd2 Ngf6 12.O-O-O Be7"
"Benko Gambit, Declined, Main Line","A57","1.d4 Nf6 2.c4 c5 3.d5 b5 4.Nf3"
"Modern Defense, Averbakh System, Kotov Variation","A42","1.d4 g6 2.c4 Bg7 3.Nc3 d6 4.e4 Nc6"
"Torre Attack, Classical Defense, Nimzowitsch Variation","A46","1.d4 Nf6 2.Nf3 e6 3.Bg5 h6"
"Spanish Game, Morphy Defense, Wormald Attack","C77","1.e4 e5 2.Nf3 Nc6 3.Bb5 a6 4.Ba4 Nf6 5.Qe2"
"Sicilian Defense, Dragon Variation, Yugoslav Attack, Old Line","B78","1.e4 c5 2.Nf3 d6 3.d4 cxd4 4.Nxd4 Nf6 5.Nc3 g6 6.Be3 Bg7 7.f3 O-O 8.Qd2 Nc6 9.Bc4 Bd7 10.O-O-O Rc8"
"Nimzo-Indian Defense, Classical Variation, Noa Variation","E34","1.d4 Nf6 2.c4 e6 3.Nc3 Bb4 4.Qc2 d5"
"Tarrasch Defense, Classical Variation","D34","1.d4 d5 2.c4 e6 3.Nc3 c5 4.cxd5 exd5 5.Nf3 Nc6 6.g3 Nf6 7.Bg2 Be7 8.O-O O-O"
"Nimzo-Indian Defense, Normal Variation, Bishop Attack, Classical Defense","E48","1.d4 Nf6 2.c4 e6 3.Nc3 Bb4 4.e3 O-O 5.Bd3 d5"
"Benoni Defense, Modern Variation","A60","1.d4 Nf6 2.c4 c5 3.d5 e6"
"Modern Defense, Geller's System","B06","1.e4 g6 2.d4 Bg7 3.Nf3 d6 4.c3"
"Queen's Gambit Declined, Traditional Variation","D30","1.d4 d5 2.c4 e6 3.Nf3 Nf6 4.Bg5"
"Queen Pawn Opening, General","A40","1.d4"
"Sicilian Defense, Chameleon","B20","1.e4 c5 2.Ne2"
"Sicilian Defense, Dragon Variation, Yugoslav Attack","B77","1.e4 c5 2.Nf3 d6 3.d4 cxd4 4.Nxd4 Nf6 5.Nc3 g6 6.Be3 Bg7 7.f3 O-O 8.Qd2 Nc6 9.Bc4 Bd7"
"Sicilian Defense, Accelerated Dragon, Maroczy Bind, Breyer Variation","B39","1.e4 c5 2.Nf3 Nc6 3.d4 cxd4 4.Nxd4 g6 5.c4 Bg7 6.Be3 Nf6 7.Nc3 Ng4"
"Sicilian Defense, Smith-Morra Gambit","B21","1.e4 c5 2.d4 cxd4 3.c3"
"English Opening, King's English Variation, Two Knights' Variation, Smyslov System","A22","1.c4 e5 2.Nc3 Nf6 3.g3 Bb4"
"Benoni Defense, Classical Variation, New York Variation","A70","1.d4 Nf6 2.c4 c5 3.d5 e6 4.Nc3 exd5 5.cxd5 d6 6.e4 g6 7.Nf3 Bg7 8.h3"
"French Defense, Classical Variation, Steinitz Variation","C14","1.e4 e6 2.d4 d5 3.Nc3 Nf6 4.Bg5 Be7 5.e5 Nfd7 6.Bxe7 Qxe7 7.f4"
"French Defense, Knight Variation","C00","1.e4 e6 2.Nf3"
"Caro-Kann Defense, Gurgenidze System","B15","1.e4 c6 2.d4 d5 3.Nc3 g6"
"King's Indian Defense, Saemisch Variation","E80","1.d4 Nf6 2.c4 g6 3.Nc3 Bg7 4.e4 d6 5.f3"
"King's Indian Defense, Averbakh Variation, Benoni Defense, Advance Variation","E75","1.d4 Nf6 2.c4 g6 3.Nc3 Bg7 4.e4 d6 5.Be2 O-O 6.Bg5 c5 7.d5"
"Gruenfeld Defense, Exchange Variation, Classical Variation","D86","1.d4 Nf6 2.c4 g6 3.Nc3 d5 4.cxd5 Nxd5 5.e4 Nxc3 6.bxc3 Bg7 7.Bc4"
"Sicilian Defense, Dragon Variation, Yugoslav Attack","B78","1.e4 c5 2.Nf3 d6 3.d4 cxd4 4.Nxd4 Nf6 5.Nc3 g6 6.Be3 Bg7 7.f3 O-O 8.Qd2 Nc6 9.Bc4 Bd7 10.O-O-O"
"Sicilian Defense, Paulsen Variation, Bastrikov Variation","B49","1.e4 c5 2.Nf3 e6 3.d4 cxd4 4.Nxd4 Nc6 5.Nc3 Qc7 6.Be3 a6 7.Be2"
"Spanish Game, Morphy Defense, Mackenzie Variation","C77","1.e4 e5 2.Nf3 Nc6 3.Bb5 a6 4.Ba4 Nf6 5.d4"
"Pirc Defense, Austrian Attack, Dragon Formation","B09","1.e4 d6 2.d4 Nf6 3.Nc3 g6 4.f4 Bg7 5.Nf3 c5"
"English Opening, Agincourt Defense, Agincourt Variation","A13","1.c4 e6 2.Nf3 d5 3.g3"
"Queen's Gambit Declined, Exchange Variation","D35","1.d4 d5 2.c4 e6 3.Nc3 Nf6 4.cxd5"
"Queen's Gambit Declined, Ragozin Defense, Alekhine Variation","D38","1.d4 d5 2.c4 e6 3.Nc3 Nf6 4.Nf3 Bb4 5.Qa4+"
"Alekhine Defense, Modern Variation, Alburt Variation","B04","1.e4 Nf6 2.e5 Nd5 3.d4 d6 4.Nf3 g6"
"French Defense, Classical Variation, Burn Variation, Morozevich Line","C11","1.e4 e6 2.d4 d5 3.Nc3 Nf6 4.Bg5 dxe4 5.Nxe4 Be7 6.Bxf6 gxf6"
"Budapest Defense, Rubinstein Variation","A52","1.d4 Nf6 2.c4 e5 3.dxe5 Ng4 4.Bf4"
"King's Indian Defense, Four Pawns Attack","E76","1.d4 Nf6 2.c4 g6 3.Nc3 Bg7 4.e4 d6 5.f4"
"Italian Game, Classical Variation, Greco Gambit, Traditional Line","C54","1.e4 e5 2.Nf3 Nc6 3.Bc4 Bc5 4.c3 Nf6 5.d4 exd4 6.cxd4"
"English Opening, Symmetrical Variation, Mecking Variation","A39","1.c4 c5 2.Nc3 Nc6 3.g3 g6 4.Bg2 Bg7 5.Nf3 Nf6 6.O-O O-O 7.d4"
"French Defense, Winawer Variation, Positional Variation","C19","1.e4 e6 2.d4 d5 3.Nc3 Bb4 4.e5 c5 5.a3 Bxc3+ 6.bxc3 Ne7 7.Nf3"
"Nimzo-Indian Defense, Normal Variation, Bishop Attack","E47","1.d4 Nf6 2.c4 e6 3.Nc3 Bb4 4.e3 O-O 5.Bd3"
"Dutch Defense, Leningrad Variation, Matulovic Variation","A89","1.d4 f5 2.c4 Nf6 3.g3 g6 4.Bg2 Bg7 5.Nf3 O-O 6.O-O d6 7.Nc3 Nc6"
"French Defense, Winawer Variation, Classical Variation","C18","1.e4 e6 2.d4 d5 3.Nc3 Bb4 4.e5 c5 5.a3 Bxc3+ 6.bxc3 Qc7"
"English Opening, King's English Variation, Four Knights Variation, Quiet Line","A28","1.c4 e5 2.Nc3 Nc6 3.Nf3 Nf6 4.e3"
"Scotch Game, Classical Variation, Intermezzo Variation","C45","1.e4 e5 2.Nf3 Nc6 3.d4 exd4 4.Nxd4 Bc5 5.Nxc6 Qf6"
"Slav Defense, Czech Variation, Krause Attack","D17","1.d4 d5 2.c4 c6 3.Nf3 Nf6 4.Nc3 dxc4 5.a4 Bf5 6.Ne5"
"Queen's Gambit Refused, Chigorin Defense, Main Line","D07","1.d4 d5 2.c4 Nc6 3.Nf3 Bg4"
"Slav Defense, Chameleon Variation, Advance System","D15","1.d4 d5 2.c4 c6 3.Nf3 Nf6 4.Nc3 a6 5.c5"
"Sicilian Defense, Old Sicilian, Normal","B33","1.e4 c5 2.Nf3 Nc6 3.d4 cxd4 4.Nxd4 Nf6"
"Queen's Gambit Declined, Vienna Variation, Quiet Variation","D44","1.d4 d5 2.c4 e6 3.Nc3 Nf6 4.Nf3 dxc4 5.e3"
"Zukertort Opening, Reversed Queen's Gambit","D02","1.d4 d5 2.Nf3 c5"
"Dutch Defense, Rubinstein Variation","A84","1.d4 f5 2.c4 e6 3.Nc3"
"Benoni Defense, Taimanov Variation","A67","1.d4 Nf6 2.c4 c5 3.d5 e6 4.Nc3 exd5 5.cxd5 d6 6.e4 g6 7.f4 Bg7 8.Bb5+"
"Sicilian Defense, O'Kelly Variation, Venice System","B28","1.e4 c5 2.Nf3 a6 3.c3"
"Modern Defense, Two Knights Variation, Suttles Variation","B06","1.e4 g6 2.d4 Bg7 3.Nc3 d6 4.Nf3 c6"
"Nimzo-Indian Defense, St. Petersburg Variation","E43","1.d4 Nf6 2.c4 e6 3.Nc3 Bb4 4.e3 b6"
"Indian Game, Saemisch-Indian","A50","1.d4 Nf6 2.c4 b6"
"Sicilian Defense, Staunton-Cochrane Variation","B20","1.e4 c5 2.c4"
"Sicilian Defense, O'Kelly Variation, Normal System, Kan Line","B28","1.e4 c5 2.Nf3 a6 3.d4 cxd4 4.Nxd4 e6"
"Benko Gambit, Accepted, Modern Variation","A57","1.d4 Nf6 2.c4 c5 3.d5 b5 4.cxb5 a6 5.e3"
"French Defense, Tarrasch Variation, Modern System","C03","1.e4 e6 2.d4 d5 3.Nd2 a6"
"Queen's Indian Defense, Fianchetto Variation, Nimzowitsch Variation, Quiet Line","E15","1.d4 Nf6 2.c4 e6 3.Nf3 b6 4.g3 Ba6 5.b3"
"English Opening, Symmetrical Variation, Botvinnik System","A36","1.c4 c5 2.Nc3 Nc6 3.g3 g6 4.Bg2 Bg7 5.e4"
"King's Indian Defense, Kramer Variation","E70","1.d4 Nf6 2.c4 g6 3.Nc3 Bg7 4.e4 d6 5.Nge2"
"Scandinavian Defense, General","B01","1.e4 d5"
"Kangaroo Defense, General","E00","1.d4 e6 2.c4 Bb4+"
"French Defense, Normal Variation","C00","1.e4 e6 2.d4"
"Semi-Slav Defense, Meran Variation","D47","1.d4 d5 2.c4 e6 3.Nc3 Nf6 4.Nf3 c6 5.e3 Nbd7 6.Bd3 dxc4 7.Bxc4 b5"
"Queen's Gambit Refused, Marshall Defense","D06","1.d4 d5 2.c4 Nf6"
"Sicilian Defense, Dragon Variation, Classical Variation, General","B72","1.e4 c5 2.Nf3 d6 3.d4 cxd4 4.Nxd4 Nf6 5.Nc3 g6 6.Be2"
"Semi-Slav Defense, Chigorin Defense","D46","1.d4 d5 2.c4 e6 3.Nc3 Nf6 4.Nf3 c6 5.e3 Nbd7 6.Bd3 Bd6"
"Nimzo-Indian Defense, Leningrad Variation","E30","1.d4 Nf6 2.c4 e6 3.Nc3 Bb4 4.Bg5"
"Spanish Game, Closed Variations, Pilnik Variation","C90","1.e4 e5 2.Nf3 Nc6 3.Bb5 a6 4.Ba4 Nf6 5.O-O Be7 6.Re1 b5 7.Bb3 O-O 8.c3 d6 9.d3"
"Spanish Game, Morphy Defense, Chigorin Defense, Panov System","C99","1.e4 e5 2.Nf3 Nc6 3.Bb5 a6 4.Ba4 Nf6 5.O-O Be7 6.Re1 b5 7.Bb3 O-O 8.c3 d6 9.h3 Na5 10.Bc2 c5 11.d4 Qc7 12.Nbd2 cxd4 13.cxd4"
"Caro-Kann Defense, Panov Attack, Fianchetto Defense","B14","1.e4 c6 2.d4 d5 3.exd5 cxd5 4.c4 Nf6 5.Nc3 g6"
"Four Knights Game, Spanish Variation","C48","1.e4 e5 2.Nf3 Nc6 3.Nc3 Nf6 4.Bb5"
"Queen's Indian Defense, Petrosian Variation","E12","1.d4 Nf6 2.c4 e6 3.Nf3 b6 4.a3"
"Bogo-Indian Defense, Vitolinsh Variation","E11","1.d4 Nf6 2.c4 e6 3.Nf3 Bb4+ 4.Bd2 c5"
"Sicilian Defense, Paulsen Variation, Normal Variation","B45","1.e4 c5 2.Nf3 e6 3.d4 cxd4 4.Nxd4 Nc6 5.Nc3"
"Benko Gambit, Accepted, Fianchetto Variation","A58","1.d4 Nf6 2.c4 c5 3.d5 b5 4.cxb5 a6 5.bxa6 Bxa6 6.Nc3 g6 7.Nf3 d6 8.g3 Bg7 9.Bg2"
"French Defense, Winawer Variation, Bogoljubow Variation","C17","1.e4 e6 2.d4 d5 3.Nc3 Bb4 4.e5 c5 5.Bd2"
"Caro-Kann Defense, Advance Variation, Van der Wiel Attack","B12","1.e4 c6 2.d4 d5 3.e5 Bf5 4.Nc3"
"Scandinavian Defense, Bronstein Variation","B01","1.e4 d5 2.exd5 Qxd5 3.Nc3 Qd6 4.d4 Nf6 5.Nf3 a6"
"Sicilian Defense, Accelerated Dragon, Maroczy Bind, Gurgenidze Variation","B36","1.e4 c5 2.Nf3 Nc6 3.d4 cxd4 4.Nxd4 g6 5.c4 Nf6 6.Nc3 Nxd4 7.Qxd4 d6"
"Spanish Game, Closed Variations, Delayed Exchange","C85","1.e4 e5 2.Nf3 Nc6 3.Bb5 a6 4.Ba4 Nf6 5.O-O Be7 6.Bxc6"
"Benoni Defense, Old Benoni, Russian Variation","A44","1.d4 c5 2.d5 e5 3.e4 d6"
"Van't Kruijs Opening, General","A00","1.e3"
"Spanish Game, Exchange Variation, Normal Variation","C69","1.e4 e5 2.Nf3 Nc6 3.Bb5 a6 4.Bxc6 dxc6 5.O-O"
"French Defense, Winawer Variation, Alekhine-Maroczy Gambit","C15","1.e4 e6 2.d4 d5 3.Nc3 Bb4 4.Ne2"
"Queen's Gambit Declined, Exchange Variation, Reshevsky Variation","D36","1.d4 d5 2.c4 e6 3.Nc3 Nf6 4.cxd5 exd5 5.Bg5 c6 6.Qc2"
"Slav Defense, Three Knights Variation","D15","1.d4 d5 2.c4 c6 3.Nf3 Nf6 4.Nc3"
"Queen Pawn Game, Queen Fianchetto","A40","1.d4 b6"
"Nimzo-Indian Defense, General","E20","1.d4 Nf6 2.c4 e6 3.Nc3 Bb4"
"Semi-Slav Defense, Anti-Moscow Gambit","D44","1.d4 d5 2.c4 e6 3.Nc3 Nf6 4.Nf3 c6 5.Bg5 h6 6.Bh4"
"English Opening, King's English Variation, Two Knights' Variation, Fianchetto Line","A22","1.c4 e5 2.Nc3 Nf6 3.g3"
"King's Indian Attack, Keres Variation","A07","1.Nf3 d5 2.g3 Bg4 3.Bg2 Nd7"
"King's Indian Defense, Saemisch Variation, Panno Formation","E83","1.d4 Nf6 2.c4 g6 3.Nc3 Bg7 4.e4 d6 5.f3 O-O 6.Be3 Nc6 7.Nge2 a6"
"English Opening, Symmetrical Variation, Fianchetto Variation","A34","1.c4 c5 2.Nc3 Nf6 3.g3"
"Gruenfeld Defense, Exchange Variation, Spassky Variation","D87","1.d4 Nf6 2.c4 g6 3.Nc3 d5 4.cxd5 Nxd5 5.e4 Nxc3 6.bxc3 Bg7 7.Bc4 O-O 8.Ne2 c5"
"Queen's Gambit Accepted, Classical Defense, Rubinstein Variation","D27","1.d4 d5 2.c4 dxc4 3.Nf3 Nf6 4.e3 e6 5.Bxc4 c5 6.O-O a6 7.a4"
"Dutch Defense, Stonewall Variation, Modern Variation","A90","1.d4 f5 2.c4 e6 3.Nf3 Nf6 4.g3 c6 5.Bg2 d5 6.O-O Bd6"
"English Opening, Anglo-Indian Defense, Hedgehog System","A17","1.c4 Nf6 2.Nc3 e6"
"Queen's Indian Defense, Kasparov Variation","E12","1.d4 Nf6 2.c4 e6 3.Nf3 b6 4.Nc3"
"Sicilian Defense, Sozin Attack, Main Line","B89","1.e4 c5 2.Nf3 d6 3.d4 cxd4 4.Nxd4 Nf6 5.Nc3 e6 6.Bc4 Nc6 7.Be3"
"Spanish Game, Classical Variation","C64","1.e4 e5 2.Nf3 Nc6 3.Bb5 Bc5"
"Lion Defense, Lion's Jaw","B07","1.e4 d6 2.d4 Nf6 3.f3"
"Scandinavian Defense, Portuguese Variation","B01","1.e4 d5 2.exd5 Nf6 3.d4 Bg4"
"English Opening, Anglo-Indian Defense, Flohr-Mikenas-Carls Variation","A18","1.c4 Nf6 2.Nc3 e6 3.e4 d5 4.e5"
"Benko Gambit, General","A57","1.d4 Nf6 2.c4 c5 3.d5 b5"
"Benoni Defense, Hromodka System","A57","1.d4 Nf6 2.c4 c5 3.d5 d6"
"Nimzo-Indian Defense, Fischer Variation","E44","1.d4 Nf6 2.c4 e6 3.Nc3 Bb4 4.e3 b6 5.Ne2"
"King's Indian Defense, Orthodox Variation, Modern System","E97","1.d4 Nf6 2.c4 g6 3.Nc3 Bg7 4.e4 d6 5.Nf3 O-O 6.Be2 e5 7.O-O Nc6 8.d5 Ne7 9.Nd2"
"Queen's Gambit Accepted, Janowski-Larsen Variation","D25","1.d4 d5 2.c4 dxc4 3.Nf3 Nf6 4.e3 Bg4"
"Slav Defense, Schlechter Variation","D15","1.d4 d5 2.c4 c6 3.Nf3 Nf6 4.Nc3 g6"
"Queen's Gambit Declined, Semi-Tarrasch Defense","D40","1.d4 d5 2.c4 e6 3.Nc3 Nf6 4.Nf3 c5"
"Semi-Slav Defense, Accelerated Meran Variation","D45","1.d4 d5 2.c4 e6 3.Nc3 Nf6 4.Nf3 c6 5.e3 a6"
"Sicilian Defense, Boleslavsky Variation","B59","1.e4 c5 2.Nf3 d6 3.d4 cxd4 4.Nxd4 Nf6 5.Nc3 Nc6 6.Be2 e5 7.Nb3"
"Nimzo-Indian Defense, Huebner Variation","E41","1.d4 Nf6 2.c4 e6 3.Nc3 Bb4 4.e3 c5"
"French Defense, Winawer Variation, Poisoned Pawn Variation, Main Line","C18","1.e4 e6 2.d4 d5 3.Nc3 Bb4 4.e5 c5 5.a3 Bxc3+ 6.bxc3 Ne7 7.Qg4 Qc7 8.Qxg7 Rg8 9.Qxh7 cxd4 10.Ne2"
"Sicilian Defense, Scheveningen Variation, Modern Variation","B83","1.e4 c5 2.Nf3 d6 3.d4 cxd4 4.Nxd4 Nf6 5.Nc3 e6 6.Be2 Nc6 7.O-O Be7 8.Be3 O-O 9.f4"
"Sicilian Defense, Najdorf Variation, English Attack, Anti-English","B90","1.e4 c5 2.Nf3 d6 3.d4 cxd4 4.Nxd4 Nf6 5.Nc3 a6 6.Be3 Ng4"
"Nimzo-Indian Defense, Ragozin Variation","E20","1.d4 Nf6 2.c4 e6 3.Nc3 Bb4 4.Nf3 d5"
"Sicilian Defense, Nimzowitsch  Variation, Closed Variation","B29","1.e4 c5 2.Nf3 Nf6 3.Nc3"
"Queen's Gambit Accepted, Central Variation, McDonnell Defense","D20","1.d4 d5 2.c4 dxc4 3.e4 e5"
"Sicilian Defense, Hyperaccelerated Pterodactyl","B27","1.e4 c5 2.Nf3 g6 3.d4 Bg7"
"Gruenfeld Defense, Three Knights Variation, Burille Variation","D94","1.d4 Nf6 2.c4 g6 3.Nc3 d5 4.Nf3 Bg7 5.e3"
"Queen's Gambit Declined, Semi-Tarrasch Defense, Exchange Variation","D41","1.d4 d5 2.c4 e6 3.Nc3 Nf6 4.Nf3 c5 5.cxd5 Nxd5 6.e4"
"Italian Game, Two Knights Defense, Polerio Defense, Bishop Check line","C58","1.e4 e5 2.Nf3 Nc6 3.Bc4 Nf6 4.Ng5 d5 5.exd5 Na5 6.Bb5+"
"Sicilian Defense, Accelerated Dragon, General","B36","1.e4 c5 2.Nf3 Nc6 3.d4 cxd4 4.Nxd4 g6"
"Sicilian Defense, Richter-Rauzer Variation, Classical Variation","B63","1.e4 c5 2.Nf3 d6 3.d4 cxd4 4.Nxd4 Nf6 5.Nc3 Nc6 6.Bg5 e6 7.Qd2 Be7"
"Nimzo-Larsen Attack, General","A01","1.b3"
"French Defense, Advance Variation","C02","1.e4 e6 2.d4 d5 3.e5 c5 4.c3"
"Caro-Kann Defense, Panov Attack, Modern Defense, Mieses Line","B13","1.e4 c6 2.d4 d5 3.exd5 cxd5 4.c4 Nf6 5.Nc3 Nc6 6.Nf3 Bg4"
"Queen's Indian Defense, Capablanca Variation","E16","1.d4 Nf6 2.c4 e6 3.Nf3 b6 4.g3 Bb7 5.Bg2 Bb4+"
"Sicilian Defense, Richter-Rauzer Variation, General","B60","1.e4 c5 2.Nf3 d6 3.d4 cxd4 4.Nxd4 Nf6 5.Nc3 Nc6 6.Bg5"
"Russian Game, Cozio (Lasker) Attack","C42","1.e4 e5 2.Nf3 Nf6 3.Nxe5 d6 4.Nf3 Nxe4 5.Qe2"
"Sicilian Defense, O'Kelly Variation, Normal System","B28","1.e4 c5 2.Nf3 a6 3.d4"
"Queen's Indian Defense, Kasparov-Petrosian Variation, Main Line","E12","1.d4 Nf6 2.c4 e6 3.Nf3 b6 4.Nc3 Bb7 5.a3 d5"
"Zukertort Opening, Queenside Fianchetto Variation","A04","1.Nf3 b6"
"Queen's Indian Defense, Classical Variation, Traditional Variation, Main Line","E19","1.d4 Nf6 2.c4 e6 3.Nf3 b6 4.g3 Bb7 5.Bg2 Be7 6.O-O O-O 7.Nc3 Ne4 8.Qc2 Nxc3 9.Qxc3"
"English Opening, King's English Variation, Four Knights Variation, Botvinnik Line","A28","1.c4 e5 2.Nc3 Nc6 3.Nf3 Nf6 4.e4"
"Semi-Slav Defense, Meran Variation, Wade Variation","D47","1.d4 d5 2.c4 e6 3.Nc3 Nf6 4.Nf3 c6 5.e3 Nbd7 6.Bd3 dxc4 7.Bxc4 b5 8.Bd3 Bb7"
"Catalan Opening, Closed Variation, Traditional Variation","E09","1.d4 Nf6 2.c4 e6 3.g3 d5 4.Bg2 Be7 5.Nf3 O-O 6.O-O Nbd7 7.Qc2 c6 8.Nbd2 b6"
"Queen Pawn Game, Torre Attack, Gruenfeld Variation, Main Line","D03","1.d4 d5 2.Nf3 Nf6 3.Bg5 g6 4.e3 Bg7 5.Nbd2 O-O"
"Spanish Game, Morphy Defense, Neo-Archangelsk Variation","C78","1.e4 e5 2.Nf3 Nc6 3.Bb5 a6 4.Ba4 Nf6 5.O-O Bc5"
"Sicilian Defense, Bowdler Attack","B20","1.e4 c5 2.Bc4"
"Queen's Indian Defense, Fianchetto Variation, Nimzowitsch Variation, Nimzowitsch Attack","E15","1.d4 Nf6 2.c4 e6 3.Nf3 b6 4.g3 Ba6 5.Qa4"
"Nimzo-Indian Defense, Huebner Variation, Rubinstein Variation","E42","1.d4 Nf6 2.c4 e6 3.Nc3 Bb4 4.e3 c5 5.Ne2"
"Indian Game, Pseudo-Benko","A46","1.d4 Nf6 2.Nf3 c5 3.d5 b5"
"Spanish Game, Exchange Variation, General","C68","1.e4 e5 2.Nf3 Nc6 3.Bb5 a6 4.Bxc6"
"Queen's Gambit Declined, Harrwitz Attack, Fianchetto Defense","D37","1.d4 d5 2.c4 e6 3.Nc3 Nf6 4.Nf3 Be7 5.Bf4 O-O 6.e3 b6"
"Nimzo-Indian Defense, Normal Variation","E46","1.d4 Nf6 2.c4 e6 3.Nc3 Bb4 4.e3 O-O"
"King's Indian Defense, Saemisch Variation, Bobotsov-Korchnoi-Petrosian Variation","E81","1.d4 Nf6 2.c4 g6 3.Nc3 Bg7 4.e4 d6 5.f3 O-O 6.Nge2"
"Dutch Defense, Classical Variation","A90","1.d4 f5 2.c4 Nf6 3.g3 e6 4.Bg2"
"English Opening, Anglo-Indian Defense, Queen's Indian Formation","A15","1.c4 Nf6 2.Nf3 b6"
"Three Knights Opening, General","C46","1.e4 e5 2.Nf3 Nc6 3.Nc3"
"Four Knights Game, Italian Variation","C46","1.e4 e5 2.Nf3 Nc6 3.Nc3 Nf6 4.Bc4"
"Sicilian Defense, Najdorf Variation, Poisoned Pawn Variation","B97","1.e4 c5 2.Nf3 d6 3.d4 cxd4 4.Nxd4 Nf6 5.Nc3 a6 6.Bg5 e6 7.f4 Qb6"
"Four Knights Game, Spanish Variation, Rubinstein Variation","C48","1.e4 e5 2.Nf3 Nc6 3.Nc3 Nf6 4.Bb5 Nd4"
"King's Indian Defense, Fianchetto Variation, Lesser Simagin (Spassky)","E62","1.d4 Nf6 2.c4 g6 3.Nc3 Bg7 4.Nf3 d6 5.g3 O-O 6.Bg2 Nc6 7.O-O Bf5"
"Benko Gambit, Accepted, King Walk Variation","A59","1.d4 Nf6 2.c4 c5 3.d5 b5 4.cxb5 a6 5.bxa6 Bxa6 6.Nc3 d6 7.e4 Bxf1 8.Kxf1 g6 9.g3 Bg7 10.Kg2 O-O 11.Nf3"
"Spanish Game, Morphy Defense, Cozio Defense","C70","1.e4 e5 2.Nf3 Nc6 3.Bb5 a6 4.Ba4 Nge7"
"Queen's Indian Defense, Classical Variation, Traditional Variation, Nimowitsch Line","E18","1.d4 Nf6 2.c4 e6 3.Nf3 b6 4.g3 Bb7 5.Bg2 Be7 6.O-O O-O 7.Nc3 d5"
"English Opening, Symmetrical Variation, Rubinstein Variation","A34","1.c4 c5 2.Nc3 Nf6 3.g3 d5 4.cxd5 Nxd5 5.Bg2 Nc7"
"Sicilian Defense, Richter-Rauzer Variation, Modern Variation","B61","1.e4 c5 2.Nf3 d6 3.d4 cxd4 4.Nxd4 Nf6 5.Nc3 Nc6 6.Bg5 Bd7 7.Qd2"
"Sicilian Defense, Modern Variations","B54","1.e4 c5 2.Nf3 d6 3.d4 cxd4 4.Nxd4"
"Italian Game, Classical Variation, Greco Gambit","C53","1.e4 e5 2.Nf3 Nc6 3.Bc4 Bc5 4.c3 Nf6 5.d4 exd4 6.e5 d5"
"Queen Pawn Game, Torre Attack, Gossip Variation","D03","1.d4 d5 2.Nf3 Nf6 3.Bg5 Ne4"
"French Defense, Advance Variation, Lputian Variation","C02","1.e4 e6 2.d4 d5 3.e5 c5 4.c3 Nc6 5.Nf3 Qb6 6.a3 Nh6"
"French Defense, Tarrasch Variation, Chistyakov Defense, Modern Line","C07","1.e4 e6 2.d4 d5 3.Nd2 c5 4.exd5 Qxd5 5.Ngf3 cxd4 6.Bc4 Qd6 7.O-O Nf6 8.Nb3 Nc6 9.Nbxd4 Nxd4 10.Nxd4 a6"
"Spanish Game, Open Variations, Bernstein Variation","C80","1.e4 e5 2.Nf3 Nc6 3.Bb5 a6 4.Ba4 Nf6 5.O-O Nxe4 6.d4 b5 7.Bb3 d5 8.dxe5 Be6 9.Nbd2"
"Sicilian Defense, Dragon Variation, Yugoslav Attack, Panov Variation","B76","1.e4 c5 2.Nf3 d6 3.d4 cxd4 4.Nxd4 Nf6 5.Nc3 g6 6.Be3 Bg7 7.f3 O-O 8.Qd2 Nc6 9.g4"
"Semi-Slav Defense, Noteboom Variation","D31","1.d4 d5 2.c4 e6 3.Nc3 c6 4.Nf3 dxc4"
"Benoni Defense, Knight's Tour Variation","A61","1.d4 Nf6 2.c4 c5 3.d5 e6 4.Nc3 exd5 5.cxd5 d6 6.Nf3 g6 7.Nd2"
"Nimzo-Indian Defense, Saemisch Variation, Accelerated","E24","1.d4 Nf6 2.c4 e6 3.Nc3 Bb4 4.a3 Bxc3+ 5.bxc3"
"Bogo-Indian Defense, Exchange Variation","E11","1.d4 Nf6 2.c4 e6 3.Nf3 Bb4+ 4.Bd2 Bxd2+"
"Zukertort Opening, Quiet system","A04","1.Nf3 Nf6 2.e3"
"English Opening, Symmetrical Variation, Full Symmetry Line","A38","1.c4 c5 2.Nc3 Nc6 3.g3 g6 4.Bg2 Bg7 5.Nf3 Nf6"
"Sicilian Defense, Sozin Attack, Leonhardt Variation","B88","1.e4 c5 2.Nf3 d6 3.d4 cxd4 4.Nxd4 Nf6 5.Nc3 e6 6.Bc4 Nc6"
"Benoni Defense, Classical Variation, General","A70","1.d4 Nf6 2.c4 c5 3.d5 e6 4.Nc3 exd5 5.cxd5 d6 6.e4 g6 7.Nf3"
"Italian Game, Scotch Gambit, Anderssen Attack","C56","1.e4 e5 2.Nf3 Nc6 3.Bc4 Nf6 4.d4 exd4 5.O-O Nxe4 6.Re1 d5 7.Bxd5 Qxd5 8.Nc3"
"King's Indian Defense, Fianchetto Variation, Larsen Defense","E62","1.d4 Nf6 2.c4 g6 3.Nc3 Bg7 4.Nf3 d6 5.g3 O-O 6.Bg2 c6 7.O-O Bf5"
"King's Indian Defense, Four Pawns Attack, Dynamic Attack","E76","1.d4 Nf6 2.c4 g6 3.Nc3 Bg7 4.e4 d6 5.f4 O-O 6.Nf3 c5 7.d5"
"Sicilian Defense, Scheveningen Variation, Classical Variation, General","B83","1.e4 c5 2.Nf3 d6 3.d4 cxd4 4.Nxd4 Nf6 5.Nc3 e6 6.Be2"
"Russian Game, Classical Attack, Staunton Variation","C42","1.e4 e5 2.Nf3 Nf6 3.Nxe5 d6 4.Nf3 Nxe4 5.d4 d5 6.Bd3 Bd6 7.O-O O-O 8.c4 c6"
"King's Indian Defense, Orthodox Variation, Classical System, Neo-Classsical Line","E99","1.d4 Nf6 2.c4 g6 3.Nc3 Bg7 4.e4 d6 5.Nf3 O-O 6.Be2 e5 7.O-O Nc6 8.d5 Ne7 9.Ne1 Nd7 10.Be3"
"Sicilian Defense, Old Sicilian, Open","B32","1.e4 c5 2.Nf3 Nc6 3.d4"
"Russian Game, Classical Attack","C42","1.e4 e5 2.Nf3 Nf6 3.Nxe5 d6 4.Nf3 Nxe4 5.d4"
"Scandinavian Defense, Classical Variation","B01","1.e4 d5 2.exd5 Qxd5 3.Nc3 Qa5 4.d4 Nf6 5.Nf3 Bf5"
"Slav Defense, Czech Variation, Classical System, Main Line","D19","1.d4 d5 2.c4 c6 3.Nf3 Nf6 4.Nc3 dxc4 5.a4 Bf5 6.e3 e6 7.Bxc4 Bb4 8.O-O O-O 9.Qe2"
"Tarrasch Defense, Two Knights Variation","D32","1.d4 d5 2.c4 e6 3.Nc3 c5 4.cxd5 exd5 5.Nf3"
"English Opening, Agincourt Defense, Catalan Defense, Semi-Slav Defense","A13","1.c4 e6 2.Nf3 d5 3.g3 Nf6 4.Bg2 c6"
"King's Indian Defense, Smyslov Variation","E61","1.d4 Nf6 2.c4 g6 3.Nc3 Bg7 4.Nf3 d6 5.Bg5"
"Sicilian Defense, Closed Variation, Chameleon Variation","B23","1.e4 c5 2.Nc3 Nc6 3.Nge2"
"Queen Pawn Game, Stonewall Attack","D00","1.d4 d5 2.e3 Nf6 3.Bd3"
"Gruenfeld Defense, Three Knights Variation, Hungarian Variation","D93","1.d4 Nf6 2.c4 g6 3.Nc3 d5 4.Nf3 Bg7 5.Bf4 O-O 6.e3"
"Sicilian Defense, Mengarini Variation","B20","1.e4 c5 2.a3"
"Nimzo-Indian Defense, Classical Variation, Lisitsyn-Bondarevsky Gambit","E39","1.d4 Nf6 2.c4 e6 3.Nc3 Bb4 4.Qc2 c5 5.dxc5 O-O"
"Italian Game, General","C50","1.e4 e5 2.Nf3 Nc6 3.Bc4"
"Dutch Defense, Fianchetto Attack","A81","1.d4 f5 2.g3"
"English Opening, Symmetrical Variation, Normal Variation","A34","1.c4 c5 2.Nc3"
"Slav Indian","A50","1.d4 Nf6 2.c4 c6"
"Caro-Kann Defense, Main Line","B15","1.e4 c6 2.d4 d5 3.Nc3 dxe4 4.Nxe4"
"Alekhine Defense, Modern Variation, Larsen Variation, Miles Line","B04","1.e4 Nf6 2.e5 Nd5 3.d4 d6 4.Nf3 dxe5 5.Nxe5 c6"
"Spanish Game, Bird Variation","C61","1.e4 e5 2.Nf3 Nc6 3.Bb5 Nd4"
"King's Indian Defense, Orthodox Variation, Bayonet Attack, Sokolov's Line","E97","1.d4 Nf6 2.c4 g6 3.Nc3 Bg7 4.e4 d6 5.Nf3 O-O 6.Be2 e5 7.O-O Nc6 8.d5 Ne7 9.b4 Nh5 10.Re1"
"French Defense, Advance Variation","C02","1.e4 e6 2.d4 d5 3.e5"
"Ponziani Opening, Jaenisch Counterattack","C44","1.e4 e5 2.Nf3 Nc6 3.c3 Nf6"
"Scandinavian Defense, Richter Variation","B01","1.e4 d5 2.exd5 Nf6 3.d4 Nxd5 4.Nf3 g6"
"Colle System, Traditional Colle","D05","1.d4 d5 2.Nf3 Nf6 3.e3 e6 4.Bd3 c5 5.c3"
"Queen's Gambit Declined, Tarrasch Defense, Pseudo-Tarrasch","D30","1.d4 d5 2.c4 e6 3.Nf3 c5"
"Dutch Defense, Classical Variation","A84","1.d4 f5 2.c4 e6"
"Sicilian Defense, Closed Variation, Korchnoi Defense","B23","1.e4 c5 2.Nc3 e6 3.g3 d5"
"Mikenas Defense","A40","1.d4 Nc6"
"Rubinstein Opening","D05","1.d4 d5 2.Nf3 Nf6 3.e3 e6 4.Bd3 c5 5.b3"
"Queen's Gambit Declined, Harrwitz Attack, Main Line","D37","1.d4 d5 2.c4 e6 3.Nc3 Nf6 4.Nf3 Be7 5.Bf4 O-O 6.e3 c5 7.dxc5 Bxc5"
"Benoni Defense, Old Benoni, Pawn Thrust","A44","1.d4 c5 2.d5 e5"
"King's Indian Defense, Saemisch Variation, Yates Defense","E83","1.d4 Nf6 2.c4 g6 3.Nc3 Bg7 4.e4 d6 5.f3 O-O 6.Be3 Nc6"
"English Opening, Anglo-Indian Defense, Flohr-Mikenas-Carls Variation","A18","1.c4 Nf6 2.Nc3 e6 3.e4"
"Russian Game, General","C42","1.e4 e5 2.Nf3 Nf6"
"Dutch Defense, Leningrad Variation","A87","1.d4 f5 2.c4 Nf6 3.g3 g6 4.Bg2 Bg7 5.Nf3"
"Nimzo-Indian Defense, Normal Line","E40","1.d4 Nf6 2.c4 e6 3.Nc3 Bb4 4.e3"
"Spanish Game, Closed Variations, Keres Defense","C96","1.e4 e5 2.Nf3 Nc6 3.Bb5 a6 4.Ba4 Nf6 5.O-O Be7 6.Re1 b5 7.Bb3 O-O 8.c3 d6 9.h3 Na5 10.Bc2 c5 11.d4 Nd7"
"Sicilian Defense, Alapin Variation, Stoltz Attack","B22","1.e4 c5 2.c3 Nf6 3.e5 Nd5 4.Nf3 Nc6 5.Bc4 Nb6 6.Bb3"
"Neo-Gruenfeld Defense, Delayed Exchange Variation","D76","1.d4 Nf6 2.c4 g6 3.g3 d5 4.Bg2 Bg7 5.Nf3 O-O 6.cxd5 Nxd5 7.O-O Nb6"
"King's Indian Defense, Four Pawns Attack, Normal Attack","E77","1.d4 Nf6 2.c4 g6 3.Nc3 Bg7 4.e4 d6 5.f4 O-O 6.Be2 c5 7.d5 e6 8.Nf3"
"Nimzo-Indian Defense, Romanishin Variation","E20","1.d4 Nf6 2.c4 e6 3.Nc3 Bb4 4.g3"
"King's Indian Defense, Orthodox Variation, Positional Defense, Closed Line","E94","1.d4 Nf6 2.c4 g6 3.Nc3 Bg7 4.e4 d6 5.Nf3 O-O 6.Be2 e5 7.O-O Nbd7 8.d5"
"Sicilian Defense, Nimzowitsch  Variation, Advance Variation","B29","1.e4 c5 2.Nf3 Nf6 3.e5"
"St. George Defense, General","B00","1.e4 a6"
"Gruenfeld Defense, Three Knights Variation, Hungarian Attack","D92","1.d4 Nf6 2.c4 g6 3.Nc3 d5 4.Nf3 Bg7 5.Bf4"
"Spanish Game, Morphy Defense, Steinitz Deferred","C79","1.e4 e5 2.Nf3 Nc6 3.Bb5 a6 4.Ba4 Nf6 5.O-O d6"
"Queen's Gambit Accepted, Central Variation, Alekhine System","D20","1.d4 d5 2.c4 dxc4 3.e4 Nf6"
"Scotch Game, Scotch Gambit","C44","1.e4 e5 2.Nf3 Nc6 3.d4 exd4 4.Bc4"
"Sicilian Defense, Boleslavsky Variation, General Variation","B58","1.e4 c5 2.Nf3 d6 3.d4 cxd4 4.Nxd4 Nf6 5.Nc3 Nc6 6.Be2 e5"
"Pirc Defense, Classical Variation, Quiet System, Parma Defense","B08","1.e4 d6 2.d4 Nf6 3.Nc3 g6 4.Nf3 Bg7 5.Be2 O-O 6.O-O Bg4"
"Nimzo-Indian Defense, Normal Variation, Bernstein Defense, Except Gligoric System","E53","1.d4 Nf6 2.c4 e6 3.Nc3 Bb4 4.e3 O-O 5.Nf3 d5 6.Bd3 c5"
"Queen's Indian Defense, Fianchetto Variation, General","E15","1.d4 Nf6 2.c4 e6 3.Nf3 b6 4.g3"
"French Defense, Rubinstein Variation","C10","1.e4 e6 2.d4 d5 3.Nc3 dxe4"
"Gruenfeld Defense, Brinckmann Attack","D82","1.d4 Nf6 2.c4 g6 3.Nc3 d5 4.Bf4"
"Semi-Slav Defense, Stoltz Variation, Shabalov Attack","D45","1.d4 d5 2.c4 e6 3.Nc3 Nf6 4.Nf3 c6 5.e3 Nbd7 6.Qc2 Bd6 7.g4"
"Benoni Defense, Fianchetto Variation, Hastings Defense, Main Line","A64","1.d4 Nf6 2.c4 c5 3.d5 e6 4.Nc3 exd5 5.cxd5 d6 6.Nf3 g6 7.g3 Bg7 8.Bg2 O-O 9.O-O Nbd7 10.Nd2 a6 11.a4 Re8"
"Hungarian Opening, Slav Formation","A00","1.g3 d5 2.Bg2 c6"
"Bishop's Opening, Vienna Hybrid, Spielmann Attack","C26","1.e4 e5 2.Bc4 Nf6 3.d3 Bc5 4.Nc3"
"French Defense, Wing Gambit","C00","1.e4 e6 2.Nf3 d5 3.e5 c5 4.b4"
"Semi-Slav Defense, Quiet Variation","D30","1.d4 d5 2.c4 e6 3.Nf3 Nf6 4.e3 c6 5.Nbd2 Nbd7"
"French Defense, Winawer Variation, Advance Variation","C18","1.e4 e6 2.d4 d5 3.Nc3 Bb4 4.e5 c5 5.a3 Bxc3+ 6.bxc3 Ne7"
"French Defense, Winawer Variation, Petrosian Variation","C16","1.e4 e6 2.d4 d5 3.Nc3 Bb4 4.e5 Qd7"
"Scotch Game, Malaniuk Variation","C45","1.e4 e5 2.Nf3 Nc6 3.d4 exd4 4.Nxd4 Bb4+"
"Dutch Defense, Modern Stonewall Variation","A97","1.d4 f5 2.c4 Nf6 3.g3 e6 4.Bg2 d5 5.Nf3 c6 6.O-O Bd6"
"English Opening, King's English Variation, Two Knights' Variation, Keres Variation","A23","1.c4 e5 2.Nc3 Nf6 3.g3 c6"
"Nimzowitsch Defense, Declined Variation","B00","1.e4 Nc6 2.Nf3"
"Queen Pawn Game, Colle System, Anti-Colle","D04","1.d4 d5 2.Nf3 Nf6 3.e3 Bf5"
"King's Indian Defense, Averbakh Variation, Modern Defense","E73","1.d4 Nf6 2.c4 g6 3.Nc3 Bg7 4.e4 d6 5.Be2 O-O 6.Bg5 Na6"
"Hungarian Opening, Sicilian Invitation","A00","1.g3 c5"
"Slav Defense, Breyer Variation","D11","1.d4 d5 2.c4 c6 3.Nf3 Nf6 4.Nbd2"
"French Defense, Steinitz Variation","C11","1.e4 e6 2.d4 d5 3.Nc3 Nf6 4.e5 Nfd7 5.f4 c5 6.Nf3"
"Queen's Indian Defense, Fianchetto Variation, Kramnik Variation","E17","1.d4 Nf6 2.c4 e6 3.Nf3 b6 4.g3 Bb7 5.Bg2 Be7 6.O-O O-O 7.Re1"
"Queen's Gambit Declined, Orthodox Defense, Rubinstein Variation","D61","1.d4 d5 2.c4 e6 3.Nc3 Nf6 4.Bg5 Be7 5.e3 O-O 6.Nf3 Nbd7 7.Qc2"
"Alekhine Defense, Saemisch Attack","B02","1.e4 Nf6 2.e5 Nd5 3.Nc3"
"French Defense, Winawer Variation","C15","1.e4 e6 2.d4 d5 3.Nc3 Bb4"
"Spanish Game, Exchange Variation, Alapin Gambit","C69","1.e4 e5 2.Nf3 Nc6 3.Bb5 a6 4.Bxc6 dxc6 5.O-O Bg4 6.h3 h5"
"Colle System","D05","1.d4 d5 2.Nf3 Nf6 3.e3 e6"
"Nimzowitsch Defense, Scandinavian Variation, Advance Variation","B00","1.e4 Nc6 2.d4 d5 3.e5"
"Four Knights Game, Gunsberg Variation","C46","1.e4 e5 2.Nf3 Nc6 3.Nc3 Nf6 4.a3"
"Sicilian Defense, Scheveningen Variation, Modern Variation, General","B83","1.e4 c5 2.Nf3 d6 3.d4 cxd4 4.Nxd4 Nf6 5.Nc3 e6 6.Be2 Nc6"
"French Defense, MacCutcheon Variation, Lasker Variation","C12","1.e4 e6 2.d4 d5 3.Nc3 Nf6 4.Bg5 Bb4 5.e5 h6 6.Bd2 Bxc3"
"King's Indian Defense, Averbakh Variation, Flexible Defense","E73","1.d4 Nf6 2.c4 g6 3.Nc3 Bg7 4.e4 d6 5.Be2 O-O 6.Bg5 h6"
"Sicilian Defense, Four Knights Variation, Cobra Variation","B45","1.e4 c5 2.Nf3 e6 3.d4 cxd4 4.Nxd4 Nf6 5.Nc3 Nc6 6.Ndb5 Bc5"
"Mieses Opening, General","A00","1.d3"
"Queen's Indian Defense, Kasparov-Petrosian Variation, Kasparov Attack","E12","1.d4 Nf6 2.c4 e6 3.Nf3 b6 4.Nc3 Bb7 5.a3 d5 6.cxd5 Nxd5 7.Qc2"
"English Defense, General","A40","1.d4 e6 2.c4 b6"
"Queen's Gambit Refused, Chigorin Defense","D07","1.d4 d5 2.c4 Nc6"
"French Defense, Horwitz Attack, Papa-Ticulat Gambit","C00","1.e4 e6 2.b3 d5 3.Bb2"
"Sicilian Defense, Smith-Morra Gambit, Declined, Push Variation","B21","1.e4 c5 2.d4 cxd4 3.c3 d3"
"English Opening, Symmetrical Variation, Duchamp Variation","A38","1.c4 c5 2.Nc3 Nc6 3.g3 g6 4.Bg2 Bg7 5.Nf3 Nf6 6.O-O O-O 7.d3"
"Sicilian Defense, Classical Variation, Fianchetto Variation","B58","1.e4 c5 2.Nf3 d6 3.d4 cxd4 4.Nxd4 Nf6 5.Nc3 Nc6 6.g3"
"Caro-Kann Defense, Karpov Variation, Modern Variation, Kasparov Attack","B17","1.e4 c6 2.d4 d5 3.Nc3 dxe4 4.Nxe4 Nd7 5.Nf3 Ngf6 6.Ng3"
"Sicilian Defense, Velimirovic Attack","B89","1.e4 c5 2.Nf3 d6 3.d4 cxd4 4.Nxd4 Nf6 5.Nc3 e6 6.Bc4 Nc6 7.Be3 Be7 8.Qe2"
"Queen's Gambit Declined, Harrwitz Attack, Two Knights Defense","D37","1.d4 d5 2.c4 e6 3.Nc3 Nf6 4.Nf3 Be7 5.Bf4 O-O 6.e3 Nbd7"
"Spanish Game, Morphy Defense, Classical Defense Deferred","C70","1.e4 e5 2.Nf3 Nc6 3.Bb5 a6 4.Ba4 Bc5"
"King's Indian Defense, Saemisch Variation, Closed Variation","E87","1.d4 Nf6 2.c4 g6 3.Nc3 Bg7 4.e4 d6 5.f3 O-O 6.Be3 e5 7.d5"
"Queen's Gambit Accepted, General","D20","1.d4 d5 2.c4 dxc4"
"Italian Game, Giuoco Pianissimo","C50","1.e4 e5 2.Nf3 Nc6 3.Bc4 Bc5 4.d3"
"Center Game, Berger Variation","C22","1.e4 e5 2.d4 exd4 3.Qxd4 Nc6 4.Qe3 Nf6"
"Nimzo-Indian Defense, Classical Variation, Milner-Barry Variation","E33","1.d4 Nf6 2.c4 e6 3.Nc3 Bb4 4.Qc2 Nc6 5.Nf3 d6"
"Sicilian Defense, Dragon Variation, Fianchetto Variation","B70","1.e4 c5 2.Nf3 d6 3.d4 cxd4 4.Nxd4 Nf6 5.Nc3 g6 6.g3"
"King's Indian Defense, Normal Variation, Standard Development","E73","1.d4 Nf6 2.c4 g6 3.Nc3 Bg7 4.e4 d6 5.Be2"
"Spanish Game, Exchange Variation, Keres Variation","C68","1.e4 e5 2.Nf3 Nc6 3.Bb5 a6 4.Bxc6 dxc6 5.Nc3"
"King's Indian Defense, Fianchetto Variation, Karlsbad Variation","E62","1.d4 Nf6 2.c4 g6 3.Nc3 Bg7 4.Nf3 d6 5.g3 O-O 6.Bg2 Nc6"
"Queen Pawn Game, Veresov Atack, Dutch System","A80","1.d4 d5 2.Nc3 f5"
"Queen's Gambit Declined, Modern, Knight Defense","D51","1.d4 d5 2.c4 e6 3.Nc3 Nf6 4.Bg5 Nbd7 5.e3 c6"
"Catalan Opening, Closed Variation","E08","1.d4 Nf6 2.c4 e6 3.g3 d5 4.Bg2 Be7 5.Nf3 O-O 6.O-O Nbd7 7.Qc2"
"Tarrasch Defense, Schara Gambit","D32","1.d4 d5 2.c4 e6 3.Nc3 c5 4.cxd5 cxd4"
"English Opening, Agincourt Defense, Wimpy System","A13","1.c4 e6 2.Nf3 d5 3.b3 Nf6 4.Bb2 c5 5.e3"
"King's Indian Defense, Fianchetto Variation, Yugoslav Variation, Exchange Line","E66","1.d4 Nf6 2.c4 g6 3.Nc3 Bg7 4.Nf3 d6 5.g3 O-O 6.Bg2 c5 7.O-O Nc6 8.dxc5 dxc5"
"Benoni Defense, Old Benoni","A43","1.d4 c5 2.d5 d6"
"Caro-Kann Defense, Karpov Variation, Modern Main Line","B17","1.e4 c6 2.d4 d5 3.Nc3 dxe4 4.Nxe4 Nd7 5.Ng5 Ngf6 6.Bd3 e6 7.N1f3 Bd6 8.Qe2 h6 9.Ne4 Nxe4 10.Qxe4"
"Scandinavian Defense, Modern Variation, Gipslis Variation","B01","1.e4 d5 2.exd5 Nf6 3.d4 Nxd5 4.Nf3 Bg4"
"French Defense, Winawer Variation, Retreat  Variation, Armenian Line","C18","1.e4 e6 2.d4 d5 3.Nc3 Bb4 4.e5 c5 5.a3 Ba5 6.b4 cxd4"
"Queen's Gambit Declined, Orthodox Defense, Main Line","D63","1.d4 d5 2.c4 e6 3.Nc3 Nf6 4.Bg5 Be7 5.e3 O-O 6.Nf3 Nbd7 7.Rc1 c6"
"Pirc Defense, 150 Attack","B07","1.e4 d6 2.d4 Nf6 3.Nc3 g6 4.Be3 c6 5.Qd2"
"English Opening, Anglo-Indian Defense, Old Indian Formation","A15","1.c4 Nf6 2.Nf3 d6"
"Nimzo-Larsen Attack, English Variation","A01","1.b3 c5"
"Dutch Defense, Staunton Gambit, General Variation","A83","1.d4 f5 2.e4 fxe4 3.Nc3 Nf6 4.Bg5"
"Caro-Kann Defense, Classical Variation, Flohr Variation","B18","1.e4 c6 2.d4 d5 3.Nc3 dxe4 4.Nxe4 Bf5 5.Ng3 Bg6 6.Nh3"
"King's Gambit, Accepted, Abbazia Defense","C36","1.e4 e5 2.f4 exf4 3.Nf3 d5 4.exd5 Nf6"
"Nimzo-Indian Defense, Normal Variation, Gligoric System, Exchange at c4","E54","1.d4 Nf6 2.c4 e6 3.Nc3 Bb4 4.e3 O-O 5.Nf3 d5 6.Bd3 c5 7.O-O dxc4 8.Bxc4"
"Nimzo-Indian Defense, Normal Variation, Botvinnik System","E49","1.d4 Nf6 2.c4 e6 3.Nc3 Bb4 4.e3 O-O 5.Bd3 d5 6.a3 Bxc3+ 7.bxc3"
"Queen's Indian Defense, Petrosian Variation, Farago Defense","E11","1.d4 Nf6 2.c4 e6 3.Nf3 b6 4.a3 Ba6 5.Qc2 Bb7"
"Sicilian Defense, Richter-Rauzer Variation, Classical Variation","B65","1.e4 c5 2.Nf3 d6 3.d4 cxd4 4.Nxd4 Nf6 5.Nc3 Nc6 6.Bg5 e6 7.Qd2 Be7 8.O-O-O O-O 9.f4 Nxd4 10.Qxd4"
"Spanish Game, Morphy Defense, Tarrasch Variation","C77","1.e4 e5 2.Nf3 Nc6 3.Bb5 a6 4.Ba4 Nf6 5.Nc3"
"Benko Gambit, Accepted, Dlugy Variation","A57","1.d4 Nf6 2.c4 c5 3.d5 b5 4.cxb5 a6 5.f3"
"Old Indian Defense, Two Knights Variation","A54","1.d4 Nf6 2.c4 d6 3.Nc3 e5 4.Nf3"
"Neo-Grünfeld Defense, Goglidze Attack","D70","1.d4 Nf6 2.c4 g6 3.f3 d5"
"Zukertort Opening, Black Mustang Defense","A04","1.Nf3 Nc6"
"Trompowsky Attack, Raptor Variation","A45","1.d4 Nf6 2.Bg5 Ne4 3.h4"
"Queen Pawn Game, Barry Attack, Gruenfeld Variation","D02","1.d4 Nf6 2.Nf3 g6 3.Nc3 d5 4.Bf4 Bg7 5.e3 O-O 6.Be2"
"English Opening, King's English Variation, Closed System, Full Symmetry","A26","1.c4 e5 2.Nc3 Nc6 3.g3 g6 4.Bg2 Bg7 5.d3 d6"
"Van Geet Opening, Caro-Kann Variation","A00","1.Nc3 d5 2.e4 c6"
"Modern Defense, General","A41","1.d4 g6 2.c4 Bg7 3.Nc3 d6"
"Queen's Gambit Accepted, Normal Variation, Traditional System","D26","1.d4 d5 2.c4 dxc4 3.Nf3 Nf6 4.e3 e6"
"Neo-Gruenfeld Defense, Delayed Exchange Variation","D74","1.d4 Nf6 2.c4 g6 3.g3 d5 4.Bg2 Bg7 5.Nf3 O-O 6.cxd5 Nxd5 7.O-O"
"Alekhine Defense, Normal Variation","B03","1.e4 Nf6 2.e5 Nd5 3.d4 d6"
"Indian Game, Anti-Grünfeld, Alekhine Variation","D70","1.d4 Nf6 2.c4 g6 3.f3"
"Semi-Slav Defense, Botvinnik System","D44","1.d4 d5 2.c4 e6 3.Nc3 Nf6 4.Nf3 c6 5.Bg5 dxc4 6.e4 b5 7.e5 h6 8.Bh4 g5 9.Nxg5"
"Spanish Game, Exchange Variation, Bronstein Variation","C69","1.e4 e5 2.Nf3 Nc6 3.Bb5 a6 4.Bxc6 dxc6 5.O-O Qd6"
"King's Indian Defense, Fianchetto Variation, Yugoslav Variation, Advance Line","E66","1.d4 Nf6 2.c4 g6 3.Nc3 Bg7 4.Nf3 d6 5.g3 O-O 6.Bg2 c5 7.O-O Nc6 8.d5"
"English Opening, Anglo-Indian Defense, Anglo-Grünfeld Variation","A16","1.c4 Nf6 2.Nc3 d5 3.cxd5 Nxd5 4.g3 g6 5.Bg2 Nb6"
"Queen's Gambit Declined, Lasker Defense","D56","1.d4 d5 2.c4 e6 3.Nc3 Nf6 4.Bg5 Be7 5.e3 O-O 6.Nf3 h6 7.Bh4 Ne4"
"Caro-Kann Defense, Accelerated Panov Attack, Open Variation","B10","1.e4 c6 2.c4 e5"
"King's Indian Defense, Fianchetto Variation, Simagin Variation","E62","1.d4 Nf6 2.c4 g6 3.Nc3 Bg7 4.Nf3 d6 5.g3 O-O 6.Bg2 Nc6 7.O-O Bg4"
"Queen's Gambit Refused, Albin Countergambit, Normal Line","D08","1.d4 d5 2.c4 e5 3.dxe5 d4 4.Nf3"
"Modern Defense, Three Pawns Attack","B06","1.e4 g6 2.d4 Bg7 3.f4"
"Four Knights Game, Spanish Variation, Symmetrical Variation","C49","1.e4 e5 2.Nf3 Nc6 3.Nc3 Nf6 4.Bb5 Bb4 5.O-O O-O 6.d3 d6"
"Four Knights Game, Spanish Variation, Classical Variation","C48","1.e4 e5 2.Nf3 Nc6 3.Nc3 Nf6 4.Bb5 Bc5"
"Sicilian Defense, Smith-Morra Gambit, Accepted, Scheveningen Formation","B21","1.e4 c5 2.d4 cxd4 3.c3 dxc3 4.Nxc3 Nc6 5.Nf3 d6 6.Bc4 e6"
"Spanish Game, Berlin Defense, l'Hermet Variation","C67","1.e4 e5 2.Nf3 Nc6 3.Bb5 Nf6 4.O-O Nxe4 5.d4 Nd6"
"Queen's Gambit Declined, Tartakower Defense, Makogonov Exchange Variation","D59","1.d4 d5 2.c4 e6 3.Nc3 Nf6 4.Bg5 Be7 5.e3 O-O 6.Nf3 h6 7.Bh4 b6 8.cxd5 Nxd5"
"Sicilian Defense, Lasker-Pelikan Variation, Bird Variation","B33","1.e4 c5 2.Nf3 Nc6 3.d4 cxd4 4.Nxd4 Nf6 5.Nc3 e5 6.Ndb5 d6 7.Bg5 a6 8.Na3 Be6"
"English Opening, King's English Variation, Four Knights Variation, Flexible Line","A28","1.c4 e5 2.Nc3 Nc6 3.Nf3 Nf6 4.d3"
"Sicilian Defense, Dragon Variation, Yugoslav Attack, Belezky Line","B76","1.e4 c5 2.Nf3 d6 3.d4 cxd4 4.Nxd4 Nf6 5.Nc3 g6 6.Be3 Bg7 7.f3 Nc6"
"Benoni Defense, Benoni-Indian Defense","A43","1.d4 c5 2.d5 Nf6"
"English Opening, Golombek Defense","A16","1.c4 Nf6 2.Nc3 d5"
"Sicilian Defense, Dragon Variation, Classical Variation","B72","1.e4 c5 2.Nf3 d6 3.d4 cxd4 4.Nxd4 Nf6 5.Nc3 g6 6.Be2 Bg7 7.Be3"
"Sicilian Defense, Sozin Attack, General Variation","B86","1.e4 c5 2.Nf3 d6 3.d4 cxd4 4.Nxd4 Nf6 5.Nc3 e6 6.Bc4"
"Center Game, Paulsen Attack Variation","C22","1.e4 e5 2.d4 exd4 3.Qxd4 Nc6 4.Qe3"
"Sicilian Defense, Najdorf Variation, Opocensky Variation, Modern Line","B92","1.e4 c5 2.Nf3 d6 3.d4 cxd4 4.Nxd4 Nf6 5.Nc3 a6 6.Be2 e5 7.Nb3 Be7 8.O-O Be6"
"French Defense, Winawer Variation, Winckelmann-Riemer Gambit","C15","1.e4 e6 2.d4 d5 3.Nc3 Bb4 4.a3"
"Queen's Gambit Accepted, Classical Defense, Steinitz Variation, Development Variation","D26","1.d4 d5 2.c4 dxc4 3.Nf3 Nf6 4.e3 e6 5.Bxc4 c5 6.O-O Nc6"
"Alekhine Defense, Four Pawns Attack, Main Line","B03","1.e4 Nf6 2.e5 Nd5 3.d4 d6 4.c4 Nb6 5.f4 dxe5 6.fxe5 Nc6 7.Be3"
"Vienna Game, Paulsen Variation","C25","1.e4 e5 2.Nc3 Nc6 3.g3"
"Russian Game, French Attack","C42","1.e4 e5 2.Nf3 Nf6 3.Nxe5 d6 4.Nf3 Nxe4 5.d3"
"Queen's Indian Defense, Kasparov-Petrosian Variation, Marco Defense","E12","1.d4 Nf6 2.c4 e6 3.Nf3 b6 4.Nc3 Bb7 5.a3 Be7"
"Neo-Gruenfeld Defense, Misc. with 5.Nf3","D73","1.d4 Nf6 2.c4 g6 3.g3 d5 4.Bg2 Bg7 5.Nf3"
"Slav Defense, Czech Variation, Bled Attack","D17","1.d4 d5 2.c4 c6 3.Nf3 Nf6 4.Nc3 dxc4 5.a4 Bf5 6.Nh4"
"Spanish Game, Exchange Variation, King's Bishop Variation","C68","1.e4 e5 2.Nf3 Nc6 3.Bb5 a6 4.Bxc6 dxc6 5.O-O Bd6"
"Sicilian Defense, Kupreichik Variation","B56","1.e4 c5 2.Nf3 d6 3.d4 cxd4 4.Nxd4 Nf6 5.Nc3 Bd7"
"Nimzo-Indian Defense, Normal Variation, Bernstein Defense","E59","1.d4 Nf6 2.c4 e6 3.Nc3 Bb4 4.e3 O-O 5.Nf3 d5 6.Bd3 c5 7.O-O Nc6 8.a3 Bxc3 9.bxc3 dxc4 10.Bxc4"
"Old Indian Defense, Ukrainian Variation","A54","1.d4 Nf6 2.c4 d6 3.Nc3 e5"
"French Defense, General","C00","1.e4 e6"
"Sicilian Defense, Najdorf Variation, Freak Attack","B90","1.e4 c5 2.Nf3 d6 3.d4 cxd4 4.Nxd4 Nf6 5.Nc3 a6 6.Rg1"
"Semi-Slav Defense, Noteboom Variation, Abrahams Variation","D31","1.d4 d5 2.c4 e6 3.Nc3 c6 4.Nf3 dxc4 5.a4 Bb4 6.e3 b5 7.Bd2 a5 8.axb5 Bxc3 9.Bxc3 cxb5 10.b3 Bb7"
"Pirc Defense, Austrian Attack","B09","1.e4 d6 2.d4 Nf6 3.Nc3 g6 4.f4"
"Queen's Gambit Declined, Orthodox Defense, Botvinnik Variation","D60","1.d4 d5 2.c4 e6 3.Nc3 Nf6 4.Bg5 Be7 5.e3 O-O 6.Nf3 Nbd7 7.Bd3"
"Queen's Indian Defense, Kasparov-Petrosian Variation, Classical Variation","E12","1.d4 Nf6 2.c4 e6 3.Nf3 b6 4.Nc3 Bb7 5.a3 d5 6.cxd5 exd5"
"Slav Defense, Soultanbeieff Variation","D16","1.d4 d5 2.c4 c6 3.Nf3 Nf6 4.Nc3 dxc4 5.a4 e6"
"Queen's Indian Defense, Yates Variation","E16","1.d4 Nf6 2.c4 e6 3.Nf3 b6 4.g3 Bb7 5.Bg2 Bb4+ 6.Bd2 a5"
"Reti Opening, Reti Gambit","A09","1.Nf3 d5 2.c4 dxc4"
"Sicilian Defense, Najdorf Variation, Poisoned Pawn, Accepted","B97","1.e4 c5 2.Nf3 d6 3.d4 cxd4 4.Nxd4 Nf6 5.Nc3 a6 6.Bg5 e6 7.f4 Qb6 8.Qd2 Qxb2 9.Rb1 Qa3"
"Sicilian Defense, Scheveningen Variation, Fianchetto Variation","B80","1.e4 c5 2.Nf3 d6 3.d4 cxd4 4.Nxd4 Nf6 5.Nc3 e6 6.g3"
"Semi-Slav Defense, Marshall Gambit, Main Line","D31","1.d4 d5 2.c4 e6 3.Nc3 c6 4.e4 dxe4 5.Nxe4 Bb4+ 6.Bd2"
"Saragossa Opening, General","A00","1.c3"
"Philidor Defense, Hanham Variation","C41","1.e4 e5 2.Nf3 d6 3.d4 Nd7"
"Italian Game, Classical Variation, General","C53","1.e4 e5 2.Nf3 Nc6 3.Bc4 Bc5 4.c3"
"Queen's Gambit Refused, Baltic Defense","D02","1.d4 d5 2.c4 Bf5"
"Trompowsky Attack, Edge Variation","A45","1.d4 Nf6 2.Bg5 Ne4 3.Bh4"
"Queen's Gambit Accepted, Alekhine Defense","D22","1.d4 d5 2.c4 dxc4 3.Nf3 a6"
"Tarrasch Defense, Classical Variation, Advance Variation","D34","1.d4 d5 2.c4 e6 3.Nc3 c5 4.cxd5 exd5 5.Nf3 Nc6 6.g3 Nf6 7.Bg2 Be7 8.O-O O-O 9.Bg5 c4"
"Sicilian Defense, Scheveningen Variation, Classical Variation","B84","1.e4 c5 2.Nf3 d6 3.d4 cxd4 4.Nxd4 Nf6 5.Nc3 e6 6.Be2 a6 7.O-O Qc7"
"King's Indian Defense, Petrosian Variation","E92","1.d4 Nf6 2.c4 g6 3.Nc3 Bg7 4.e4 d6 5.Nf3 O-O 6.Be2 e5 7.d5"
"French Defense, Advance Variation, Nimzowitsch System","C02","1.e4 e6 2.d4 d5 3.e5 c5 4.Nf3"
"Sicilian Defense, Najdorf Variation","B98","1.e4 c5 2.Nf3 d6 3.d4 cxd4 4.Nxd4 Nf6 5.Nc3 a6 6.Bg5 e6 7.f4 Be7"
"Nimzo-Indian Defense, Normal Variation, Bronstein (Byrne) Variation","E45","1.d4 Nf6 2.c4 e6 3.Nc3 Bb4 4.e3 b6 5.Ne2 Ba6"
"Scotch Game, General","C44","1.e4 e5 2.Nf3 Nc6 3.d4"
"Queen's Gambit Declined, Harrwitz Attack, Orthodox Defense","D37","1.d4 d5 2.c4 e6 3.Nc3 Nf6 4.Nf3 Be7 5.Bf4 O-O 6.e3 c6"
"Gruenfeld Defense, Russian Variation, Hungarian Variation","D97","1.d4 Nf6 2.c4 g6 3.Nc3 d5 4.Nf3 Bg7 5.Qb3 dxc4 6.Qxc4 O-O 7.e4 a6"
"Nimzo-Indian Defense, Classical Variation, Noa Variation","E36","1.d4 Nf6 2.c4 e6 3.Nc3 Bb4 4.Qc2 d5 5.a3"
"Russian Game, Classical Attack, Chigorin Variation, Main Line","C42","1.e4 e5 2.Nf3 Nf6 3.Nxe5 d6 4.Nf3 Nxe4 5.d4 d5 6.Bd3 Be7 7.O-O Nc6 8.c4 Nb4 9.Be2"
"Alekhine Defense, Modern Variation, Larsen Variation","B04","1.e4 Nf6 2.e5 Nd5 3.d4 d6 4.Nf3 dxe5"
"Spanish Game, Closed Variations, Closed Defense","C96","1.e4 e5 2.Nf3 Nc6 3.Bb5 a6 4.Ba4 Nf6 5.O-O Be7 6.Re1 b5 7.Bb3 O-O 8.c3 d6 9.h3 Na5 10.Bc2 c5"
"Spanish Game, Marshall Attack, Modern Main Line","C89","1.e4 e5 2.Nf3 Nc6 3.Bb5 a6 4.Ba4 Nf6 5.O-O Be7 6.Re1 b5 7.Bb3 O-O 8.c3 d5 9.exd5 Nxd5 10.Nxe5 Nxe5 11.Rxe5 c6 12.d4 Bd6 13.Re1 Qh4 14.g3 Qh3"
"Polish Defense, General","A40","1.d4 b5"
"Queen's Gambit Declined, Modern, Knight Defense","D51","1.d4 d5 2.c4 e6 3.Nc3 Nf6 4.Bg5 Nbd7"
"Semi-Slav Defense, Meran Variation","D48","1.d4 d5 2.c4 e6 3.Nc3 Nf6 4.Nf3 c6 5.e3 Nbd7 6.Bd3 dxc4 7.Bxc4 b5 8.Bd3 a6"
"King's Indian Defense, Fianchetto Variation, Yugoslav Variation","E65","1.d4 Nf6 2.c4 g6 3.Nc3 Bg7 4.Nf3 d6 5.g3 O-O 6.Bg2 c5 7.O-O"
"Budapest Defense, Fajarowicz Variation","A51","1.d4 Nf6 2.c4 e5 3.dxe5 Ne4"
"Catalan Opening, Open Defense, Modern Sharp Variation","E04","1.d4 Nf6 2.c4 e6 3.g3 d5 4.Bg2 dxc4 5.Nf3 Nc6 6.Qa4 Bb4+"
"Alekhine Defense, Normal Variation","B02","1.e4 Nf6 2.e5 Nd5"
"Sicilian Defense, Kveinis Variation","B40","1.e4 c5 2.Nf3 e6 3.d4 cxd4 4.Nxd4 Qb6"
"Queen's Indian Defense, Classical Variation","E17","1.d4 Nf6 2.c4 e6 3.Nf3 b6 4.g3 Bb7 5.Bg2 Be7 6.O-O"
"French Defense, Advance Variation","C02","1.e4 e6 2.d4 d5 3.e5 c5 4.c3 Nc6"
"Sicilian Defense, Scheveningen Variation, Delayed Keres Attack","B81","1.e4 c5 2.Nf3 d6 3.d4 cxd4 4.Nxd4 Nf6 5.Nc3 e6 6.Be3 a6 7.g4"
"Benoni Defense, Four Pawns Attack, Main Line","A69","1.d4 Nf6 2.c4 c5 3.d5 e6 4.Nc3 exd5 5.cxd5 d6 6.e4 g6 7.f4 Bg7 8.Nf3 O-O 9.Be2 Re8"
"Russian Game, Modern Attack","C43","1.e4 e5 2.Nf3 Nf6 3.d4"
"Nimzo-Indian Defense, Normal Variation, Schlechter Defense","E52","1.d4 Nf6 2.c4 e6 3.Nc3 Bb4 4.e3 O-O 5.Nf3 d5 6.Bd3 b6"
"King's Indian Defense, Averbakh Variation, Geller Defense","E73","1.d4 Nf6 2.c4 g6 3.Nc3 Bg7 4.e4 d6 5.Be2 O-O 6.Bg5 Nbd7"
"Queen's Gambit Declined, Normal Defense","D35","1.d4 d5 2.c4 e6 3.Nc3 Nf6"
"French Defense, Queen's Knight","C00","1.e4 e6 2.Nc3"
"Sicilian Defense, Dragon Variation, Yugoslav Attack, Early deviations","B75","1.e4 c5 2.Nf3 d6 3.d4 cxd4 4.Nxd4 Nf6 5.Nc3 g6 6.Be3 Bg7 7.f3"
"Gruenfeld Defense, Three Knights Variation, Burille Variation, Reversed Tarrasch","D94","1.d4 Nf6 2.c4 g6 3.Nc3 d5 4.Nf3 Bg7 5.e3 c5 6.Be2 cxd4 7.exd4 Nc6 8.O-O O-O"
"Scandinavian Defense, Lasker Variation","B01","1.e4 d5 2.exd5 Qxd5 3.Nc3 Qa5 4.d4 Nf6 5.Nf3 Bg4 6.h3"
"Sicilian Defense, O'Kelly Variation, Maroczy Bind, Paulsen Line","B28","1.e4 c5 2.Nf3 a6 3.c4 e6"
"King's Indian Attack, Pachman System","A07","1.Nf3 d5 2.g3 g6 3.Bg2 Bg7 4.O-O e5 5.d3 Ne7"
"Alekhine Defense, Four Pawns Attack","B03","1.e4 Nf6 2.e5 Nd5 3.d4 d6 4.c4 Nb6 5.f4"
"English Opening, Symmetrical Variation, Two Knights Variation","A35","1.c4 c5 2.Nc3 Nc6"
"Sicilian Defense, Scheveningen Variation, Matanovic Attack","B82","1.e4 c5 2.Nf3 d6 3.d4 cxd4 4.Nxd4 Nf6 5.Nc3 e6 6.f4"
"Italian Game, Two Knights Defense, Polerio Defense, Suhle Defense","C59","1.e4 e5 2.Nf3 Nc6 3.Bc4 Nf6 4.Ng5 d5 5.exd5 Na5 6.Bb5+ c6 7.dxc6 bxc6 8.Be2 h6"
"English Opening, King's English Variation, General Variation","A21","1.c4 e5 2.Nc3 d6 3.Nf3"
"Sicilian Defense, Modern Variations, Main Line","B57","1.e4 c5 2.Nf3 d6 3.d4 cxd4 4.Nxd4 Nf6"
"Spanish Game, Morphy Defense, Modern Steinitz Defense","C75","1.e4 e5 2.Nf3 Nc6 3.Bb5 a6 4.Ba4 d6 5.c3 Bd7"
"Slav Defense, Czech Variation, Wiesbaden Variation","D17","1.d4 d5 2.c4 c6 3.Nf3 Nf6 4.Nc3 dxc4 5.a4 Bf5 6.Ne5 e6"
"Spanish Game, Berlin Defense, Beverwijk Variation","C65","1.e4 e5 2.Nf3 Nc6 3.Bb5 Nf6 4.O-O Bc5"
"Sicilian Defense, Kan Variation","B41","1.e4 c5 2.Nf3 e6 3.d4 cxd4 4.Nxd4 a6"
"Caro-Kann Defense, Forgacs Variation","B15","1.e4 c6 2.d4 d5 3.Nc3 dxe4 4.Nxe4 Nf6 5.Nxf6+ exf6 6.Bc4"
"Spanish Game, Schliemann Defense, Tartakower Variation","C63","1.e4 e5 2.Nf3 Nc6 3.Bb5 f5 4.Nc3 fxe4 5.Nxe4 Nf6"
"Spanish Game, Closed Variations, Worrall Attack, Caslting line","C86","1.e4 e5 2.Nf3 Nc6 3.Bb5 a6 4.Ba4 Nf6 5.O-O Be7 6.Qe2 b5 7.Bb3 O-O"
"Nimzowitsch Defense, General","B00","1.e4 Nc6"
"Sicilian Defense, Dragon Variation, Classical Variation, Normal Line","B74","1.e4 c5 2.Nf3 d6 3.d4 cxd4 4.Nxd4 Nf6 5.Nc3 g6 6.Be2 Bg7 7.Be3 Nc6 8.O-O O-O 9.Nb3"
"Spanish Game, Closed Variations, Keres Defense","C92","1.e4 e5 2.Nf3 Nc6 3.Bb5 a6 4.Ba4 Nf6 5.O-O Be7 6.Re1 b5 7.Bb3 O-O 8.c3 d6 9.h3 Nd7"
"Queen's Gambit Accepted, Showalter Variation","D24","1.d4 d5 2.c4 dxc4 3.Nf3 Nf6 4.Nc3"
"Tarrasch Defense, Classical Variation, Main Line","D34","1.d4 d5 2.c4 e6 3.Nc3 c5 4.cxd5 exd5 5.Nf3 Nc6 6.g3 Nf6 7.Bg2 Be7 8.O-O O-O 9.Bg5 cxd4 10.Nxd4 h6 11.Be3 Re8"
"Sicilian Defense, Dragon Variation, Modern  Bc4 Variation","B35","1.e4 c5 2.Nf3 d6 3.d4 cxd4 4.Nxd4 g6 5.Nc3 Bg7 6.Be3 Nf6 7.Bc4 Nc6"
"English Opening, King's English Variation, Four Knights Variation, Korchnoi Line","A28","1.c4 e5 2.Nc3 Nc6 3.Nf3 Nf6 4.a3"
"Queen's Gambit Declined, Orthodox Defense, General","D60","1.d4 d5 2.c4 e6 3.Nc3 Nf6 4.Bg5 Be7 5.e3 O-O 6.Nf3 Nbd7"
"English Opening, Symmetrical Variation, Anti-Benoni Variation, Spielmann Defense","A32","1.c4 c5 2.Nf3 Nf6 3.d4 cxd4 4.Nxd4 e6"
"Four Knights Game, Italian Variation","C50","1.e4 e5 2.Nf3 Nc6 3.Bc4 Bc5 4.Nc3 Nf6"
"Indian Game, Budapest Defense","A51","1.d4 Nf6 2.c4 e5"
"Rat Defense, Accelerated Gurgenidze","B07","1.e4 g6 2.d4 d6 3.Nc3 c6"
"King's Indian Defense, Accelerated Averbakh Variation","E70","1.d4 Nf6 2.c4 g6 3.Nc3 Bg7 4.e4 d6 5.Bg5"
"Reti Opening, Anglo-Slav Variation, Bogoljubow Variation, Stonewall Line","A12","1.Nf3 d5 2.c4 c6 3.b3 Nf6 4.Bb2 e6 5.g3 Be7 6.Bg2 O-O 7.O-O"
"Pirc Defense, Classical Variation, Quiet System, Chigorin Line","B08","1.e4 d6 2.d4 Nf6 3.Nc3 g6 4.Nf3 Bg7 5.Be2 O-O 6.O-O Nc6"
"Pirc Defense, Kholmov System","B07","1.e4 d6 2.d4 Nf6 3.Nc3 g6 4.Bc4"
"Queen's Gambit Accepted, Normal Variation","D25","1.d4 d5 2.c4 dxc4 3.Nf3 Nf6 4.e3"
"Pirc Defense, Austrian Attack","B09","1.e4 d6 2.d4 Nf6 3.Nc3 g6 4.f4 Bg7 5.Nf3 O-O"
"Italian Game, Deutz Gambit","C55","1.e4 e5 2.Nf3 Nc6 3.Bc4 Bc5 4.O-O Nf6 5.d4"
"Spanish Game, Berlin Defense, Improved Steinitz Defense","C66","1.e4 e5 2.Nf3 Nc6 3.Bb5 Nf6 4.O-O d6"
"Queen's Gambit Refused, Baltic Defense, Pseudo-Slav","D02","1.d4 d5 2.c4 Bf5 3.Nc3 e6 4.Nf3 c6"
"Zukertort Opening, Old Indian Attack","A06","1.Nf3 d5 2.d3"
"Italian Game, Giuoco Pianissimo, Canal Variation","C50","1.e4 e5 2.Nf3 Nc6 3.Bc4 Bc5 4.d3 Nf6 5.Nc3 d6 6.Bg5"
"Bishop's Opening, General","C23","1.e4 e5 2.Bc4"
"Caro-Kann Defense, Advance Variation, Bayonet Attack","B12","1.e4 c6 2.d4 d5 3.e5 Bf5 4.g4"
"Dutch Defense, Classical Variation, Huisl Variation","A96","1.d4 f5 2.c4 Nf6 3.g3 e6 4.Bg2 Be7 5.Nf3 O-O 6.O-O d6 7.Nc3 Ne4"
"Kadas Opening, General","A00","1.h4"
"Vienna Game, General","C27","1.e4 e5 2.Nc3"
"French Defense, MacCutcheon Variation, Lasker Variation","C12","1.e4 e6 2.d4 d5 3.Nc3 Nf6 4.Bg5 Bb4 5.e5 h6 6.Bd2 Bxc3 7.bxc3 Ne4 8.Qg4 g6"
"Caro-Kann Defense, Two Knights Attack, Mindeno Variation","B11","1.e4 c6 2.Nc3 d5 3.Nf3 Bg4"
"Sicilian Defense, Dragon Variation, Classical Variation","B73","1.e4 c5 2.Nf3 d6 3.d4 cxd4 4.Nxd4 Nf6 5.Nc3 g6 6.Be2 Bg7 7.Be3 Nc6 8.O-O"
"Spanish Game, Morphy Defense, Modern Steinitz Defense, Fianchetto Variation","C76","1.e4 e5 2.Nf3 Nc6 3.Bb5 a6 4.Ba4 d6 5.c3 Bd7 6.d4 g6"
"Spanish Game, Open Variations, Open Variation","C80","1.e4 e5 2.Nf3 Nc6 3.Bb5 a6 4.Ba4 Nf6 5.O-O Nxe4"
"Grob Opening, General","A00","1.g4"
"Sicilian Defense, O'Kelly Variation, Yerevan System","B28","1.e4 c5 2.Nf3 a6 3.Nc3"
"Caro-Kann Defense, Accelerated Panov Attack","B10","1.e4 c6 2.c4 d5"
"Sicilian Defense, Dragon Variation, Classical Variation, Battery Variation","B73","1.e4 c5 2.Nf3 d6 3.d4 cxd4 4.Nxd4 Nf6 5.Nc3 g6 6.Be2 Bg7 7.Be3 Nc6 8.O-O O-O 9.Qd2"
"Sicilian Defense, Dragon Variation, Levenfish Variation","B71","1.e4 c5 2.Nf3 d6 3.d4 cxd4 4.Nxd4 Nf6 5.Nc3 g6 6.f4"
"Queen's Gambit Accepted, Furman Variation","D27","1.d4 d5 2.c4 dxc4 3.Nf3 Nf6 4.e3 e6 5.Bxc4 c5 6.O-O a6 7.dxc5 Bxc5"
"Modern Defense, Gurgenidze Defense","B06","1.e4 g6 2.d4 Bg7 3.Nc3 c6 4.f4 d5 5.e5 h5"
"Spanish Game, Classical Variation, Central Variation","C64","1.e4 e5 2.Nf3 Nc6 3.Bb5 Bc5 4.c3"
"Sicilian Defense, Richter-Rauzer Variation, Neo-Modern Variation","B68","1.e4 c5 2.Nf3 d6 3.d4 cxd4 4.Nxd4 Nf6 5.Nc3 Nc6 6.Bg5 e6 7.Qd2 a6 8.O-O-O Bd7 9.f4 Be7"
"Spanish Game, Schliemann Defense, Dyckhoff Variation","C63","1.e4 e5 2.Nf3 Nc6 3.Bb5 f5 4.Nc3"
"Caro-Kann Defense, Two Knights Attack, Mindeno Variation, Retreat Line","B11","1.e4 c6 2.Nc3 d5 3.Nf3 Bg4 4.h3 Bh5"
"Spanish Game, Closed Variations, Averbakh Variation","C87","1.e4 e5 2.Nf3 Nc6 3.Bb5 a6 4.Ba4 Nf6 5.O-O Be7 6.Re1 d6"
"Spanish Game, Open Variations, Main Lines","C80","1.e4 e5 2.Nf3 Nc6 3.Bb5 a6 4.Ba4 Nf6 5.O-O Nxe4 6.d4 b5 7.Bb3 d5 8.dxe5 Be6"
"Alekhine Defense, Maroczy Variation","B02","1.e4 Nf6 2.d3"
"English Opening, King's English Variation, Four Knights Variation, General","A28","1.c4 e5 2.Nc3 Nc6 3.Nf3 Nf6"
"Lion Defense, Anti-Philidor, Lion's Cave","B07","1.e4 d6 2.d4 Nf6 3.Nc3 Nbd7 4.f4 e5"
"King's Indian Defense, Fianchetto Variation, Debrecen Defense","E67","1.d4 Nf6 2.c4 g6 3.Nc3 Bg7 4.Nf3 d6 5.g3 O-O 6.Bg2 Nbd7"
"Sicilian Defense, Kan Variation, Swiss Cheese Variation","B42","1.e4 c5 2.Nf3 e6 3.d4 cxd4 4.Nxd4 a6 5.Bd3 g6"
"Nimzo-Indian Defense, Saemisch Variation, Keres Variation","E25","1.d4 Nf6 2.c4 e6 3.Nc3 Bb4 4.a3 Bxc3+ 5.bxc3 c5 6.f3 d5 7.cxd5 Nxd5 8.dxc5"
"Slav Defense, Alekhine Variation","D15","1.d4 d5 2.c4 c6 3.Nf3 Nf6 4.Nc3 dxc4 5.e3"
"Sicilian Defense, Richter-Rauzer Variation, Modern Variation","B60","1.e4 c5 2.Nf3 d6 3.d4 cxd4 4.Nxd4 Nf6 5.Nc3 Nc6 6.Bg5 Bd7"
"Nimzo-Indian Defense, Normal Variation, Ragozin Variation","E51","1.d4 Nf6 2.c4 e6 3.Nc3 Bb4 4.e3 O-O 5.Nf3 d5"
"Queen's Indian Defense, Fianchetto Traditional","E15","1.d4 Nf6 2.c4 e6 3.Nf3 b6 4.g3 Bb7"
"English Opening, King's English Variation, Four Knights Variation, Quiet Line","A28","1.c4 e5 2.Nc3 Nc6 3.Nf3 Nf6 4.e3 Bb4 5.Qc2 Bxc3"
"King's Indian Defense, Saemisch Variation, Closed Variation, 7c6","E88","1.d4 Nf6 2.c4 g6 3.Nc3 Bg7 4.e4 d6 5.f3 O-O 6.Be3 e5 7.d5 c6"
"English Opening, Anglo-Indian Defense, Anglo-Grünfeld Variation","A16","1.c4 Nf6 2.Nc3 d5 3.cxd5 Nxd5 4.g3 g6 5.Bg2 Nxc3"
"English Opening, King's English Variation, Hungarian Attack","A25","1.c4 e5 2.Nc3 Nc6 3.g3 g6 4.Bg2 Bg7 5.Rb1"
"Queen's Gambit Declined, Neo-Orthodox Variation, Main Line","D55","1.d4 d5 2.c4 e6 3.Nc3 Nf6 4.Bg5 Be7 5.e3 O-O 6.Nf3 h6 7.Bh4"
"Nimzo-Indian Defense, Classical Variation, Noa Variation, Modern Line","E35","1.d4 Nf6 2.c4 e6 3.Nc3 Bb4 4.Qc2 d5 5.cxd5 Qxd5"
"Semi-Slav Defense, Quiet Variation","D30","1.d4 d5 2.c4 e6 3.Nf3 Nf6 4.e3 c6 5.Nbd2"
"Queen's Indian Defense, Riumin Variation","E16","1.d4 Nf6 2.c4 e6 3.Nf3 b6 4.g3 Bb7 5.Bg2 Bb4+ 6.Bd2 Be7"
"Sicilian Defense, Smith-Morra Gambit, Accepted, Paulsen Formation","B21","1.e4 c5 2.d4 cxd4 3.c3 dxc3 4.Nxc3 Nc6 5.Nf3 e6 6.Bc4 a6"
"Queen's Indian Defense, Kasparov-Petrosian Variation, Petrosian Attack","E12","1.d4 Nf6 2.c4 e6 3.Nf3 b6 4.Nc3 Bb7 5.a3 d5 6.cxd5 Nxd5 7.e3"
"French Defense, Tarrasch Variation, Guimard Defense","C03","1.e4 e6 2.d4 d5 3.Nd2 Nc6"
"French Defense, Winawer Variation, Advance Variation","C19","1.e4 e6 2.d4 d5 3.Nc3 Bb4 4.e5 c5 5.a3 Bxc3+ 6.bxc3 Ne7 7.a4"
"Neo-Gruenfeld Defense, Exchange Variation with 6.e4","D72","1.d4 Nf6 2.c4 g6 3.g3 d5 4.Bg2 Bg7 5.cxd5 Nxd5 6.e4 Nb6 7.Ne2"
"English Opening, Anglo-Indian Defense, Romanishin Gambit","A13","1.c4 Nf6 2.Nf3 e6 3.g3 a6 4.Bg2 b5"
"Spanish Game, Closed Variations, Smyslov Defense","C93","1.e4 e5 2.Nf3 Nc6 3.Bb5 a6 4.Ba4 Nf6 5.O-O Be7 6.Re1 b5 7.Bb3 O-O 8.c3 d6 9.h3 h6"
"Caro-Kann Defense, Standard, Unorthodox Replies","B15","1.e4 c6 2.d4 d5 3.Nc3"
"Gruenfeld Defense, Russian Variation","D96","1.d4 Nf6 2.c4 g6 3.Nc3 d5 4.Nf3 Bg7 5.Qb3"
"Nimzo-Indian Defense, Huebner Variation, Main Line","E41","1.d4 Nf6 2.c4 e6 3.Nc3 Bb4 4.e3 c5 5.Bd3 Nc6 6.Nf3 Bxc3+ 7.bxc3 d6"
"Blumenfeld Countergambit, Dus-Chotimursky Variation","E10","1.d4 Nf6 2.c4 e6 3.Nf3 c5 4.d5 b5 5.Bg5"
"Queen's Gambit Declined, Harrwitz Attack, Two Knights Defense, Blockade Line","D37","1.d4 d5 2.c4 e6 3.Nc3 Nf6 4.Nf3 Be7 5.Bf4 O-O 6.e3 Nbd7 7.c5"
"Tarrasch Defense, Prague Variation","D33","1.d4 d5 2.c4 e6 3.Nc3 c5 4.cxd5 exd5 5.Nf3 Nc6 6.g3 Nf6"
"Sicilian Defense, Dragon Variation, Classical Variation","B73","1.e4 c5 2.Nf3 d6 3.d4 cxd4 4.Nxd4 Nf6 5.Nc3 g6 6.Be2 Bg7 7.Be3 Nc6"
"King's Gambit, Declined, Classical Variation","C30","1.e4 e5 2.f4 Bc5"
"Queen's Gambit Refused, Albin Countergambit","D08","1.d4 d5 2.c4 e5"
"French Defense, La Bourdonnais Variation","C00","1.e4 e6 2.f4"
"Scandinavian Defense, Schiller-Pytel Variation","B01","1.e4 d5 2.exd5 Qxd5 3.Nc3 Qd6 4.d4 c6"
"Sicilian Defense, Paulsen-Basman Defense","B40","1.e4 c5 2.Nf3 e6 3.d4 cxd4 4.Nxd4 Bc5"
"English Opening, Anglo-Indian Defense, Anglo-Grünfeld Variation","A16","1.c4 Nf6 2.Nc3 d5 3.cxd5 Nxd5 4.Nf3"
"Old Indian, Czech Variation","A53","1.d4 Nf6 2.c4 d6 3.Nc3 c6 4.Nf3"
"Zukertort Opening, Grünfeld Reversed","A49","1.Nf3 c5 2.g3 d5 3.Bg2 Nc6 4.d4 e6 5.O-O"
"Caro-Kann Defense, Modern Variation","B12","1.e4 c6 2.d4 d5 3.Nd2"
"Sicilian Defense, Katalimov Variation","B27","1.e4 c5 2.Nf3 b6"
"Slav Defense, Steiner Variation","D16","1.d4 d5 2.c4 c6 3.Nf3 Nf6 4.Nc3 dxc4 5.a4 Bg4"
"King's Indian Defense, Fianchetto Variation, Long Variation","E68","1.d4 Nf6 2.c4 g6 3.Nc3 Bg7 4.Nf3 d6 5.g3 O-O 6.Bg2 Nbd7 7.O-O e5 8.e4 Re8 9.h3 exd4 10.Nxd4 Nc5 11.Re1 a5"
"Four Knights Game, Double Spanish","C49","1.e4 e5 2.Nf3 Nc6 3.Nc3 Nf6 4.Bb5 Bb4"
"Queen's Gambit Accepted, Mannheim Variation","D23","1.d4 d5 2.c4 dxc4 3.Nf3 Nf6 4.Qa4+"
"Benoni Defense, Classical Variation, Czerniak Defense, Tal Line","A77","1.d4 Nf6 2.c4 c5 3.d5 e6 4.Nc3 exd5 5.cxd5 d6 6.e4 g6 7.Nf3 Bg7 8.Be2 O-O 9.O-O Re8 10.Nd2"
"Queen's Indian Defense, Miles Variation","E12","1.d4 Nf6 2.c4 e6 3.Nf3 b6 4.Bf4"
"Elephant Gambit, General","C40","1.e4 e5 2.Nf3 d5"
"Sicilian Defense, Grand Prix Attack, Schofman Variation","B23","1.e4 c5 2.Nc3 Nc6 3.f4 g6 4.Nf3 Bg7 5.Bc4 e6 6.f5"
"Catalan Opening, Closed Variation","E07","1.d4 Nf6 2.c4 e6 3.g3 d5 4.Bg2 Be7 5.Nf3 O-O 6.O-O Nbd7"
"Sicilian Defense, Lasker-Pelikan Variation, Schlechter Variation","B33","1.e4 c5 2.Nf3 Nc6 3.d4 cxd4 4.Nxd4 Nf6 5.Nc3 e5 6.Nb3"
"English Opening, Symmetrical Variation, Anti-Benoni Variation, Geller Variation","A33","1.c4 c5 2.Nf3 Nf6 3.d4 cxd4 4.Nxd4 e6 5.Nc3 Nc6 6.g3 Qb6"
"Semi-Slav Defense, Bogoljubow Variation","D46","1.d4 d5 2.c4 e6 3.Nc3 Nf6 4.Nf3 c6 5.e3 Nbd7 6.Bd3 Be7"
"Alekhine Defense, Two Pawn Attack, Lasker Variation","B02","1.e4 Nf6 2.e5 Nd5 3.c4 Nb6 4.c5"
"French Defense, Tarrasch Variation, Open System, Suechting Line","C07","1.e4 e6 2.d4 d5 3.Nd2 c5 4.c3"
"Budapest Defense, General","A52","1.d4 Nf6 2.c4 e5 3.dxe5 Ng4"
"Caro-Kann Defense, Panov Attack, Fianchetto Defense, Fianchetto Gambit","B13","1.e4 c6 2.d4 d5 3.exd5 cxd5 4.c4 Nf6 5.Nc3 g6 6.cxd5 Bg7"
"Spanish Game, Morphy Defense, Caro Variation","C70","1.e4 e5 2.Nf3 Nc6 3.Bb5 a6 4.Ba4 b5"
"Scotch Game, Haxo Gambit","C45","1.e4 e5 2.Nf3 Nc6 3.d4 exd4 4.Bc4 Bc5"
"Spanish Game, Morphy Defense, Modern Steinitz Defense","C71","1.e4 e5 2.Nf3 Nc6 3.Bb5 a6 4.Ba4 d6"
"English Opening, Anglo-Indian Defense, King's Indian Formation, Double Fianchetto","A15","1.c4 Nf6 2.Nf3 g6 3.g3 b6 4.Bg2 Bb7"
"Queen's Gambit Refused, Chigorin Defense, Exchange Variation","D07","1.d4 d5 2.c4 Nc6 3.cxd5 Qxd5"
"Vienna Game, Vienna Gambit, Main Line","C29","1.e4 e5 2.Nc3 Nf6 3.f4 d5"
"Queen's Gambit Declined, Ragozin Defense, Vienna Variation","D39","1.d4 d5 2.c4 e6 3.Nc3 Nf6 4.Nf3 Bb4 5.Bg5 dxc4"
"Spanish Game, Open Variations, Howell Attack","C81","1.e4 e5 2.Nf3 Nc6 3.Bb5 a6 4.Ba4 Nf6 5.O-O Nxe4 6.d4 b5 7.Bb3 d5 8.dxe5 Be6 9.Qe2"
"Caro-Kann Defense, Panov Attack","B13","1.e4 c6 2.d4 d5 3.exd5 cxd5 4.c4"
"Pirc Defense, Austrian Attack, Unzicker Attack","B09","1.e4 d6 2.d4 Nf6 3.Nc3 g6 4.f4 Bg7 5.Nf3 O-O 6.e5"
"King's Indian Defense, Saemisch Variation, Orthodox Variation","E85","1.d4 Nf6 2.c4 g6 3.Nc3 Bg7 4.e4 d6 5.f3 O-O 6.Be3 e5"
"Indian Game, Reversed Chigorin Defense","A45","1.d4 Nf6 2.Nc3 c5"
"English Opening, Anglo-Indian Defense, Anti-Anti-Grünfeld","A17","1.c4 Nf6 2.Nc3 g6 3.Nf3 Bg7 4.e4"
"Old Indian Defense, Tartakower-Indian","A54","1.d4 Nf6 2.c4 d6 3.Nf3 Bg4"
"Caro-Kann Defense, Goldman Variation","B12","1.e4 c6 2.Nc3 d5 3.Qf3"
"Queen's Gambit Accepted, Central Variation, Modern Defense","D20","1.d4 d5 2.c4 dxc4 3.e4 Nc6"
"Nimzo-Indian Defense, Normal Variation, Bernstein Defense, Exchange Line","E58","1.d4 Nf6 2.c4 e6 3.Nc3 Bb4 4.e3 O-O 5.Nf3 d5 6.Bd3 c5 7.O-O Nc6 8.a3 Bxc3 9.bxc3"
"Russian Game, Classical Attack, Mason-Showalter Variation","C42","1.e4 e5 2.Nf3 Nf6 3.Nxe5 d6 4.Nf3 Nxe4 5.d4 d5 6.Bd3 Nc6"
"Caro-Kann Defense, Karpov Variation, Smyslov Variation","B17","1.e4 c6 2.d4 d5 3.Nc3 dxe4 4.Nxe4 Nd7 5.Bc4 Ngf6 6.Ng5 e6 7.Qe2 Nb6"
"King's Indian Defense, Kazakh Variation","E91","1.d4 Nf6 2.c4 g6 3.Nc3 Bg7 4.e4 d6 5.Nf3 O-O 6.Be2 Na6"
"French Defense, Winawer Variation, Alekhine Gambit, Kan Variation","C15","1.e4 e6 2.d4 d5 3.Nc3 Bb4 4.Ne2 dxe4 5.a3 Bxc3+ 6.Nxc3 Nc6"
"King's Indian Defense, Larsen Variation","E90","1.d4 Nf6 2.c4 g6 3.Nc3 Bg7 4.e4 d6 5.Nf3 O-O 6.Be3"
"Queen's Gambit Accepted, Gunsberg Defense","D21","1.d4 d5 2.c4 dxc4 3.Nf3 c5"
"Nimzo-Indian Defense, Normal Variation, Gligoric System, Bronstein Variation","E55","1.d4 Nf6 2.c4 e6 3.Nc3 Bb4 4.e3 O-O 5.Nf3 d5 6.Bd3 c5 7.O-O dxc4 8.Bxc4 Nbd7"
"Queen's Indian Defense, Classical Variation, Polugayevsky Gambit","E17","1.d4 Nf6 2.c4 e6 3.Nf3 b6 4.g3 Bb7 5.Bg2 Be7 6.O-O O-O 7.d5 exd5 8.Nh4"
"Sicilian Defense, Wing Gambit","B20","1.e4 c5 2.b4"
"Indian Game, Dzindzi-Indian Defense","E10","1.d4 Nf6 2.c4 e6 3.Nf3 a6"
"Sicilian Defense, Najdorf Variation, Traditional Line","B98","1.e4 c5 2.Nf3 d6 3.d4 cxd4 4.Nxd4 Nf6 5.Nc3 a6 6.Bg5 e6 7.f4 Be7 8.Qf3 Qc7"
"Sicilian Defense, Wing Gambit, Marshall Variation","B20","1.e4 c5 2.b4 cxb4 3.a3"
"Dutch Defense, Classical Variation, General","A96","1.d4 f5 2.c4 Nf6 3.g3 e6 4.Bg2 Be7 5.Nf3 O-O 6.O-O d6"
"Tarrasch Defense, General","D32","1.d4 d5 2.c4 e6 3.Nc3 c5"
"Modern Defense, Beefeater Variation","A40","1.d4 g6 2.c4 Bg7 3.Nc3 c5 4.d5 Bxc3+ 5.bxc3 f5"
"Philidor Defense, Lion Variation, Shirov Gambit","C41","1.e4 e5 2.Nf3 d6 3.d4 Nd7 4.Nc3 Ngf6 5.g4"
"Sicilian Defense, Classical Variation","B58","1.e4 c5 2.Nf3 d6 3.d4 cxd4 4.Nxd4 Nf6 5.Nc3 Nc6 6.Be2"
"Caro-Kann Defense, Karpov Variation, Modern Variation","B17","1.e4 c6 2.d4 d5 3.Nc3 dxe4 4.Nxe4 Nd7 5.Ng5"
"Italian Game, Two Knights Defense","C55","1.e4 e5 2.Nf3 Nc6 3.Bc4 Nf6"
"Queen's Gambit Declined, Anti-Tartakower Variation","D55","1.d4 d5 2.c4 e6 3.Nc3 Nf6 4.Bg5 Be7 5.e3 O-O 6.Nf3 h6 7.Bxf6"
"King's Gambit, Accepted, Fischer Defense","C34","1.e4 e5 2.f4 exf4 3.Nf3 d6"
"French Defense, Alekhine-Chatard Attack","C13","1.e4 e6 2.d4 d5 3.Nc3 Nf6 4.Bg5 Be7 5.e5 Nfd7 6.h4"
"Pirc Defense, Austrian Attack, Kurajica Variation","B09","1.e4 d6 2.d4 Nf6 3.Nc3 g6 4.f4 Bg7 5.Nf3 O-O 6.Be3"
"Spanish Game, Open Variations, Classical Defense","C83","1.e4 e5 2.Nf3 Nc6 3.Bb5 a6 4.Ba4 Nf6 5.O-O Nxe4 6.d4 b5 7.Bb3 d5 8.dxe5 Be6 9.c3 Be7"
"Spanish Game, Morphy Defense, Bayreuth Variation","C77","1.e4 e5 2.Nf3 Nc6 3.Bb5 a6 4.Ba4 Nf6 5.Bxc6"
"Sicilian Defense, O'Kelly Variation, Maroczy Bind","B28","1.e4 c5 2.Nf3 a6 3.c4"
"Nimzowitsch Defense, Scandinavian Variation, Exchange Variation","B00","1.e4 Nc6 2.d4 d5 3.exd5 Qxd5"
"Sicilian Defense, Paulsen Variation, Modern Line","B44","1.e4 c5 2.Nf3 e6 3.d4 cxd4 4.Nxd4 Nc6 5.Nb5 d6 6.c4 Nf6 7.N1c3 a6 8.Na3 Be7 9.Be2 O-O 10.O-O b6"
"Zukertort Opening, Slav Invitation","A04","1.Nf3 c6"
"Queen Pawn Game, Veresov Attack, Two Knights System","D01","1.d4 d5 2.Nc3 Nf6 3.Bg5 Nbd7 4.Nf3"
"Rat Defense, Harmonist","B07","1.e4 d6 2.f4"
"Bird Opening, From Gambit","A02","1.f4 e5"
"English Opening, Agincourt Defense, Keres Defense","A14","1.c4 e6 2.Nf3 d5 3.g3 Nf6 4.Bg2 Be7 5.O-O c5 6.cxd5 Nxd5 7.Nc3 Nc6"
"Italian Game, Anti-Fried Liver Defense","C55","1.e4 e5 2.Nf3 Nc6 3.Bc4 h6"
"Sicilian Defense, French Variation, Open","B40","1.e4 c5 2.Nf3 e6 3.d4 cxd4"
"Italian Game, Two Knights Defense, Polerio Defense, Bogoljubow Variation","C58","1.e4 e5 2.Nf3 Nc6 3.Bc4 Nf6 4.Ng5 d5 5.exd5 Na5 6.Bb5+ c6 7.dxc6 bxc6 8.Qf3"
"Vienna Game, Anderssen Defense","C25","1.e4 e5 2.Nc3 Bc5"
"Queen's Indian Defense, Opocensky Variation","E17","1.d4 Nf6 2.c4 e6 3.Nf3 b6 4.g3 Bb7 5.Bg2 Be7 6.Nc3 Ne4 7.Bd2"
"Queen's Gambit Accepted, Classical Defense","D26","1.d4 d5 2.c4 dxc4 3.Nf3 Nf6 4.e3 e6 5.Bxc4 c5"
"Slav Defense, Geller Gambit","D15","1.d4 d5 2.c4 c6 3.Nf3 Nf6 4.Nc3 dxc4 5.e4 b5 6.e5"
"English Opening, Anglo-Indian Defense, Flohr-Mikenas-Carls Variation, Nei Gambit","A19","1.c4 Nf6 2.Nc3 e6 3.e4 c5 4.e5 Ng8"
"English Opening, King's English Variation, Botvinnik System","A26","1.c4 e5 2.Nc3 Nc6 3.g3 g6 4.Bg2 Bg7 5.d3 d6 6.e4"
"Semi-Slav Defense, Marshall Gambit","D31","1.d4 d5 2.c4 e6 3.Nc3 c6 4.e4"
"Queen's Indian Defense, General","E12","1.d4 Nf6 2.c4 e6 3.Nf3 b6"
"King's Indian Defense, Saemisch Variation","E86","1.d4 Nf6 2.c4 g6 3.Nc3 Bg7 4.e4 d6 5.f3 O-O 6.Be3 e5 7.Nge2 c6"
"Neo-Gruenfeld Defense, Exchange Variation","D71","1.d4 Nf6 2.c4 g6 3.g3 d5 4.Bg2 Bg7 5.cxd5 Nxd5"
"Sicilian Defense, Richter-Rauzer Variation","B62","1.e4 c5 2.Nf3 d6 3.d4 cxd4 4.Nxd4 Nf6 5.Nc3 Nc6 6.Bg5 e6 7.Qd3"
"Philidor Defense, Exchange Variation","C41","1.e4 e5 2.Nf3 d6 3.d4 exd4"
"Philidor Defense, General","C41","1.e4 e5 2.Nf3 d6 3.d4"
"Semi-Slav Defense, Botvinnik System, Lilienthal Variation","D44","1.d4 d5 2.c4 e6 3.Nc3 Nf6 4.Nf3 c6 5.Bg5 dxc4 6.e4 b5 7.e5 h6 8.Bh4 g5 9.Nxg5 hxg5 10.Bxg5 Nbd7 11.g3"
"Dutch Defense, Normal Variation","A84","1.d4 f5 2.c4 Nf6"
"Russian Game, Kaufmann Attack","C42","1.e4 e5 2.Nf3 Nf6 3.Nxe5 d6 4.Nf3 Nxe4 5.c4"
"Scandinavian Defense, Icelandic-Palme Gambit","B01","1.e4 d5 2.exd5 Nf6 3.c4 e6"
"French Defense, Tarrasch Variation, Botvinnik Variation","C05","1.e4 e6 2.d4 d5 3.Nd2 Nf6 4.e5 Nfd7 5.Bd3 c5 6.c3 b6"
"Slav Defense, Czech Variation, Carlsbad Variation","D17","1.d4 d5 2.c4 c6 3.Nf3 Nf6 4.Nc3 dxc4 5.a4 Bf5 6.Ne5 Nbd7 7.Nxc4 Qc7 8.g3 e5"
"Benoni Defense, Modern Variation, Snake Variation","A60","1.d4 Nf6 2.c4 c5 3.d5 e6 4.Nc3 exd5 5.cxd5 Bd6"
"Vienna Game, Vienna Gambit","C28","1.e4 e5 2.Nc3 Nf6 3.f4"
"Nimzo-Indian Defense, Simagin Variation","E46","1.d4 Nf6 2.c4 e6 3.Nc3 Bb4 4.e3 O-O 5.Ne2 d5 6.a3 Bd6"
"Sicilian Defense, Richter-Rauzer Variation, Neo-Modern Variation, Nyezhmetdinov Attack","B69","1.e4 c5 2.Nf3 d6 3.d4 cxd4 4.Nxd4 Nf6 5.Nc3 Nc6 6.Bg5 e6 7.Qd2 a6 8.O-O-O Bd7 9.f4 Be7 10.Nf3 b5 11.Bxf6"
"Reti Opening, Anglo-Slav Variation, New York System","A12","1.Nf3 d5 2.c4 c6 3.b3 Nf6 4.Bb2 Bf5"
"Nimzowitsch Defense, Kennedy Variation, Linksspringer Variation","B00","1.e4 Nc6 2.d4 e5 3.d5"
"Benoni Defense, Franco-Sicilian Defense","A43","1.d4 c5 2.d5 e6 3.e4"
"Caro-Kann Defense, Advance Variation, Van der Wiel Attack, Bishop Hunt","B12","1.e4 c6 2.d4 d5 3.e5 Bf5 4.Nc3 e6 5.g4 Bg6 6.Nge2 c5 7.h4"
"Dutch Defense, Classical Variation, Buenos Aires Variation","A96","1.d4 f5 2.c4 Nf6 3.g3 e6 4.Bg2 Be7 5.Nf3 O-O 6.O-O d6 7.Nc3 a5"
"Sicilian Defense, Pin Variation, Koch Variation","B40","1.e4 c5 2.Nf3 e6 3.d4 cxd4 4.Nxd4 Nf6 5.Nc3 Bb4 6.e5"
"Four Knights Game, Scotch Variation, Belgrade Gambit","C47","1.e4 e5 2.Nf3 Nc6 3.Nc3 Nf6 4.d4 exd4 5.Nd5"
"Modern Defense, Lizard Defense, Mittenberger Gambit","B06","1.e4 g6 2.d4 Bg7 3.Nc3 d5"
"Englund Gambit Complex, Englund Gambit","A40","1.d4 e5 2.dxe5 Nc6 3.Nf3 Qe7"
"Italian Game, Classical Variation, Center Atttack","C53","1.e4 e5 2.Nf3 Nc6 3.Bc4 Bc5 4.c3 Nf6 5.d4"
"French Defense, Classical Variation, Burn Variation, Main Line","C11","1.e4 e6 2.d4 d5 3.Nc3 Nf6 4.Bg5 dxe4 5.Nxe4 Be7 6.Bxf6 Bxf6 7.Nf3 O-O"
"Alekhine Defense, Modern Variation, Schmid Variation","B04","1.e4 Nf6 2.e5 Nd5 3.d4 d6 4.Nf3 Nb6"
"Queen's Indian Defense, Anti-Queen's Indian System","E17","1.d4 Nf6 2.c4 e6 3.Nf3 b6 4.g3 Bb7 5.Bg2 Be7 6.Nc3"
"King's Indian Defense, Fianchetto Variation, Yugoslav System w/o Nc3","E64","1.d4 Nf6 2.c4 g6 3.Nf3 Bg7 4.g3 d6 5.Bg2 O-O 6.O-O c5"
"Sicilian Defense, Accelerated Dragon, Exchange Variation","B34","1.e4 c5 2.Nf3 Nc6 3.d4 cxd4 4.Nxd4 g6 5.Nxc6"
"Indian Game, Polish Variation","A46","1.d4 Nf6 2.Nf3 b5"
"Semi-Slav Defense, Meran Variation, Reynolds' Variation","D48","1.d4 d5 2.c4 e6 3.Nc3 Nf6 4.Nf3 c6 5.e3 Nbd7 6.Bd3 dxc4 7.Bxc4 b5 8.Bd3 a6 9.e4 c5 10.d5"
"Queen's Gambit Declined, Orthodox Defense, Main Line","D63","1.d4 d5 2.c4 e6 3.Nc3 Nf6 4.Bg5 Be7 5.e3 O-O 6.Nf3 Nbd7 7.Rc1"
"Queen's Gambit Declined, Orthodox Defense, Hennegerger Variation","D63","1.d4 d5 2.c4 e6 3.Nc3 Nf6 4.Bg5 Be7 5.e3 O-O 6.Nf3 Nbd7 7.Rc1 a6"
"Semi-Slav Defense, Accepted","D44","1.d4 d5 2.c4 e6 3.Nc3 Nf6 4.Nf3 c6 5.Bg5 dxc4"
"Benoni Defense, Benoni Gambit Accepted","A43","1.d4 c5 2.dxc5"
"Benko Gambit, Zaitsev System","A58","1.d4 Nf6 2.c4 c5 3.d5 b5 4.cxb5 a6 5.Nc3"
"Caro-Kann Defense, Advance Variation, Bronstein Variation","B12","1.e4 c6 2.d4 d5 3.e5 Bf5 4.Ne2"
"Rat Defense, Antal Defense","B07","1.e4 d6 2.d4 Nd7"
"Queen's Gambit Declined, Exchange Variation, Saemisch Variation","D35","1.d4 d5 2.c4 e6 3.Nc3 Nf6 4.cxd5 exd5 5.Nf3 Nbd7 6.Bf4"
"Polish Opening,  Czech Defense","A00","1.b4 e5 2.Bb2 d6"
"Queen's Gambit Declined, Capablanca - General","D30","1.d4 d5 2.c4 e6 3.Nf3 Nf6 4.Bg5 h6"
"Gruenfeld Defense, Exchange Variation, Spassky Variation","D88","1.d4 Nf6 2.c4 g6 3.Nc3 d5 4.cxd5 Nxd5 5.e4 Nxc3 6.bxc3 Bg7 7.Bc4 O-O 8.Ne2 c5 9.O-O Nc6 10.Be3 cxd4 11.cxd4"
"Nimzo-Indian Defense, Saemisch Variation","E25","1.d4 Nf6 2.c4 e6 3.Nc3 Bb4 4.a3 Bxc3+ 5.bxc3 c5 6.f3 d5 7.cxd5"
"Scotch Game, Scotch Gambit, Göring Gambit, Declined","C44","1.e4 e5 2.Nf3 Nc6 3.d4 exd4 4.c3 d5"
"Gruenfeld Defense, Russian Variation, Prins Variation","D97","1.d4 Nf6 2.c4 g6 3.Nc3 d5 4.Nf3 Bg7 5.Qb3 dxc4 6.Qxc4 O-O 7.e4 Na6"
"King's Indian Defense, Petrosian Variation, Normal Defense","E93","1.d4 Nf6 2.c4 g6 3.Nc3 Bg7 4.e4 d6 5.Nf3 O-O 6.Be2 e5 7.d5 Nbd7"
"King's Indian Defense, Saemisch Variation, Double Fianchetto","E82","1.d4 Nf6 2.c4 g6 3.Nc3 Bg7 4.e4 d6 5.f3 O-O 6.Be3 b6"
"Sicilian Defense, Dragon Variation, Yugoslav Attack, Main Line","B77","1.e4 c5 2.Nf3 d6 3.d4 cxd4 4.Nxd4 Nf6 5.Nc3 g6 6.Be3 Bg7 7.f3 O-O 8.Qd2 Nc6 9.Bc4"
"Torre Attack, Fianchetto Defense, Euwe Variation","A48","1.d4 Nf6 2.Nf3 g6 3.Bg5 Bg7 4.Nbd2 c5"
"Italian Game, Classical Variation, Greco Gambit, Moeller-Therkatz Attack","C54","1.e4 e5 2.Nf3 Nc6 3.Bc4 Bc5 4.c3 Nf6 5.d4 exd4 6.cxd4 Bb4+ 7.Nc3 Nxe4 8.O-O Bxc3 9.d5"
"Sicilian Defense, Alapin Variation, Barmen Defense, Central Exchange","B22","1.e4 c5 2.c3 d5 3.exd5 Qxd5 4.d4 cxd4 5.cxd4 Nc6 6.Nf3 Bg4"
"French Defense, Classical Variation, Delayed Exchange Variation","C11","1.e4 e6 2.d4 d5 3.Nc3 Nf6 4.exd5"
"Spanish Game, Marshall Attack, Modern Variation","C89","1.e4 e5 2.Nf3 Nc6 3.Bb5 a6 4.Ba4 Nf6 5.O-O Be7 6.Re1 b5 7.Bb3 O-O 8.c3 d5 9.exd5 Nxd5 10.Nxe5 Nxe5 11.Rxe5 c6"
"English Opening, Symmetrical Variation, Botvinnik System Reversed","A36","1.c4 c5 2.Nc3 Nc6 3.g3 g6 4.Bg2 Bg7 5.e3 e5"
"Benko Gambit, Declined, Quiet Line","A57","1.d4 Nf6 2.c4 c5 3.d5 b5 4.Nd2"
"Queen's Indian Defense, Kasparov-Petrosian Variation, Hedgehog Variation","E17","1.d4 Nf6 2.c4 e6 3.Nf3 b6 4.Nc3 Bb7 5.a3 g6"
"Russian Game, Classical Attack, Chigorin Variation","C42","1.e4 e5 2.Nf3 Nf6 3.Nxe5 d6 4.Nf3 Nxe4 5.d4 d5 6.Bd3 Be7 7.O-O Nc6 8.Re1"
"Tarrasch Defense, Classical Variation, Carlsbad Variation","D34","1.d4 d5 2.c4 e6 3.Nc3 c5 4.cxd5 exd5 5.Nf3 Nc6 6.g3 Nf6 7.Bg2 Be7 8.O-O O-O 9.Bg5"
"Sicilian Defense, Richter-Rauzer Variation, Classical Variation","B64","1.e4 c5 2.Nf3 d6 3.d4 cxd4 4.Nxd4 Nf6 5.Nc3 Nc6 6.Bg5 e6 7.Qd2 Be7 8.O-O-O O-O 9.f4"
"Alekhine Defense, Balogh Variation","B03","1.e4 Nf6 2.e5 Nd5 3.d4 d6 4.Bc4"
"Queen's Gambit Declined, Harrwitz Attack","D35","1.d4 d5 2.c4 e6 3.Nc3 Nf6 4.Bf4"
"Sicilian Defense, Prins Variation, Venice Attack","B55","1.e4 c5 2.Nf3 d6 3.d4 cxd4 4.Nxd4 Nf6 5.f3 e5 6.Bb5+"
"King's Gambit, General","C30","1.e4 e5 2.f4"
"English Opening, King's English Variation, Troger Defense","A21","1.c4 e5 2.Nc3 d6 3.g3 Be6 4.Bg2 Nc6"
"Three Knights Opening, Steinitz Defense","C46","1.e4 e5 2.Nf3 Nc6 3.Nc3 g6"
"Nimzo-Larsen Attack, Symmetrical Variation","A01","1.b3 b6"
"Sicilian Defense, Modern Variations","B56","1.e4 c5 2.Nf3 d6 3.d4 cxd4 4.Nxd4 Nf6 5.Nc3"
"Slav Defense, Geller Gambit","D15","1.d4 d5 2.c4 c6 3.Nf3 Nf6 4.Nc3 dxc4 5.e4"
"Blumenfeld Countergambit, General","E10","1.d4 Nf6 2.c4 e6 3.Nf3 c5 4.d5 b5"
"King's Indian Defense, Fianchetto Variation, Double Fianchetto Attack","E64","1.d4 Nf6 2.c4 g6 3.Nf3 Bg7 4.g3 d6 5.Bg2 O-O 6.O-O Nbd7 7.Nc3 e5 8.b3"
"Ponziani Opening, General","C44","1.e4 e5 2.Nf3 Nc6 3.c3"
"King's Knight Opening, Normal Variation","C44","1.e4 e5 2.Nf3 Nc6"
"Queen's Indian Defense, Kasparov-Petrosian Variation, Andersson Variation","E12","1.d4 Nf6 2.c4 e6 3.Nf3 b6 4.Nc3 Bb7 5.a3 Ne4"
"Spanish Game, Morphy Defense, Norwegian Variation","C70","1.e4 e5 2.Nf3 Nc6 3.Bb5 a6 4.Ba4 b5 5.Bb3 Na5"
"Catalan Opening, Open Defense, Classical Line","E05","1.d4 Nf6 2.c4 e6 3.g3 d5 4.Bg2 dxc4 5.Nf3 Be7"
"Caro-Kann Defense, Accelerated Panov Attack","B10","1.e4 c6 2.c4"
"Queen's Gambit Refused, Chigorin Defense, Modern Gambit","D06","1.d4 d5 2.c4 Nc6 3.Nc3 Nf6 4.Nf3 dxc4"
"Sicilian Defense, Lasker-Pelikan Variation, Retreat Variation","B33","1.e4 c5 2.Nf3 Nc6 3.d4 cxd4 4.Nxd4 Nf6 5.Nc3 e5 6.Nf3"
"Spanish Game, Closed Variations, Worrall Attack, Delayed castling line","C86","1.e4 e5 2.Nf3 Nc6 3.Bb5 a6 4.Ba4 Nf6 5.O-O Be7 6.Qe2 b5 7.Bb3 d6"
"Kangaroo Defense, Keres Defense, Transpositional Variation","E00","1.d4 e6 2.c4 Bb4+ 3.Nc3"
"Sicilian Defense, Pin Variation","B40","1.e4 c5 2.Nf3 e6 3.d4 cxd4 4.Nxd4 Nf6 5.Nc3 Bb4"
"Gruenfeld Defense, Smyslov Defense","D94","1.d4 Nf6 2.c4 g6 3.Nc3 d5 4.Nf3 Bg7 5.e3 O-O 6.Bd3 c6 7.O-O Bg4"
"Nimzo-Indian Defense, Normal Variation, Gligoric System, Bernstein Defense","E56","1.d4 Nf6 2.c4 e6 3.Nc3 Bb4 4.e3 O-O 5.Nf3 d5 6.Bd3 c5 7.O-O Nc6"
"Tarrasch Defense, Classical Variation, Reti Variation","D34","1.d4 d5 2.c4 e6 3.Nc3 c5 4.cxd5 exd5 5.Nf3 Nc6 6.g3 Nf6 7.Bg2 Be7 8.O-O O-O 9.dxc5 Bxc5 10.Na4"
"Queen's Gambit Accepted, Classical Defense, Alekhine System, Main Line","D29","1.d4 d5 2.c4 dxc4 3.Nf3 Nf6 4.e3 e6 5.Bxc4 c5 6.O-O a6 7.Qe2 b5 8.Bb3 Bb7"
"Philidor Defense, Larsen Variation","C41","1.e4 e5 2.Nf3 d6 3.d4 exd4 4.Nxd4 g6"
"English Opening, Agincourt Defense, Tarrasch Defense","A14","1.c4 e6 2.Nf3 d5 3.g3 Nf6 4.Bg2 c5 5.b3 Nc6 6.O-O Be7"
"Vienna Game, Vienna Gambit, Paulsen Attack","C29","1.e4 e5 2.Nc3 Nf6 3.f4 d5 4.fxe5 Nxe4 5.Qf3"
"Nimzo-Indian Defense, Huebner Variation, Rubinstein Variation, Main Line","E42","1.d4 Nf6 2.c4 e6 3.Nc3 Bb4 4.e3 c5 5.Ne2 cxd4 6.exd4 O-O 7.a3"
"Spanish Game, Classical Variation, Zukertort Gambit","C64","1.e4 e5 2.Nf3 Nc6 3.Bb5 Bc5 4.O-O Nf6 5.c3"
"Pirc Defense, Bayonet Attack","B07","1.e4 d6 2.d4 Nf6 3.Nc3 g6 4.Be2 Bg7 5.h4"
"Sicilian Defense, Nimzowitsch  Variation, Exchange Variation","B29","1.e4 c5 2.Nf3 Nf6 3.e5 Nd5 4.Nc3 Nxc3"
"King's Indian Defense, Fianchetto Variation, Benjamin Defense","E61","1.d4 Nf6 2.c4 g6 3.Nc3 Bg7 4.Nf3 d6 5.g3 O-O 6.Bg2 c6 7.O-O Qb6"
"Benoni Defense, King's Indian System","A56","1.d4 Nf6 2.c4 c5 3.d5 e5 4.Nc3 d6 5.e4 g6"
"Blumenfeld Countergambit, Accepted","E10","1.d4 Nf6 2.c4 e6 3.Nf3 c5 4.d5 b5 5.dxe6 fxe6 6.cxb5 d5"
"Indian Game, Seirawan Attack","E00","1.d4 Nf6 2.c4 e6 3.Bg5"
"Pterodactyl Defense, Eastern, Benoni","B06","1.e4 g6 2.d4 Bg7 3.Nc3 c5 4.d5"
"King's Indian Defense, Orthodox Variation, Donner Defense","E94","1.d4 Nf6 2.c4 g6 3.Nc3 Bg7 4.e4 d6 5.Nf3 O-O 6.Be2 e5 7.O-O c6"
"Queen's Gambit Declined, Semi-Tarrasch Defense, Main Line","D42","1.d4 d5 2.c4 e6 3.Nc3 Nf6 4.Nf3 c5 5.cxd5 Nxd5 6.e3 Nc6 7.Bd3"
"Spanish Game, Closed Variations, Chigorin Defense","C98","1.e4 e5 2.Nf3 Nc6 3.Bb5 a6 4.Ba4 Nf6 5.O-O Be7 6.Re1 b5 7.Bb3 O-O 8.c3 d6 9.h3 Na5 10.Bc2 c5 11.d4 Qc7 12.Nbd2 Nc6"
"Pterodactyl Defense, Western, Rhamporhynchus","B06","1.e4 g6 2.d4 Bg7 3.Nf3 c5 4.dxc5 Qa5+"
"Queen's Gambit Refused, Albin Countergambit, Fianchetto Variation","D09","1.d4 d5 2.c4 e5 3.dxe5 d4 4.Nf3 Nc6 5.g3"
"Sicilian Defense, Scheveningen Variation, English Attack","B80","1.e4 c5 2.Nf3 d6 3.d4 cxd4 4.Nxd4 Nf6 5.Nc3 e6 6.Be3 a6 7.Qd2"
"Alekhine Defense, Modern Variation, Larsen-Haakert Variation","B04","1.e4 Nf6 2.e5 Nd5 3.d4 d6 4.Nf3 Nc6"
"Sicilian Defense, Nimzowitsch  Variation, Main Line","B29","1.e4 c5 2.Nf3 Nf6 3.e5 Nd5 4.Nc3 e6 5.Nxd5 exd5 6.d4 Nc6"
"Zukertort Opening, Polish Defense","A04","1.Nf3 b5"
"English Opening, Symmetrical Variation, Fianchetto Variation","A36","1.c4 c5 2.Nc3 Nc6 3.g3"
"Slav Defense, Czech Variation, Carlsbad Variation, Morozevich Variation","D17","1.d4 d5 2.c4 c6 3.Nf3 Nf6 4.Nc3 dxc4 5.a4 Bf5 6.Ne5 Nbd7 7.Nxc4 Qc7 8.g3 e5 9.dxe5 Nxe5 10.Bf4 Nfd7 11.Bg2 g5"
"Four Knights Game, Spanish Variation, Rubinstein Variation, Accepted","C48","1.e4 e5 2.Nf3 Nc6 3.Nc3 Nf6 4.Bb5 Nd4 5.Nxd4"
"Sicilian Defense, Canal Attack, Haag Gambit","B51","1.e4 c5 2.Nf3 d6 3.Bb5+ Bd7 4.Bxd7+ Qxd7 5.O-O Nc6 6.c3 Nf6 7.d4"
"Spanish Game, Marshall Attack, General","C89","1.e4 e5 2.Nf3 Nc6 3.Bb5 a6 4.Ba4 Nf6 5.O-O Be7 6.Re1 b5 7.Bb3 O-O 8.c3 d5"
"Russian Game, Millenium Attack","C42","1.e4 e5 2.Nf3 Nf6 3.Nxe5 d6 4.Nf3 Nxe4 5.Bd3"
"Gruenfeld Defense, Russian Variation, Byrne (Simagin) Variation","D97","1.d4 Nf6 2.c4 g6 3.Nc3 d5 4.Nf3 Bg7 5.Qb3 dxc4 6.Qxc4 O-O 7.e4 Nc6"
"Spanish Game, Closed Variations, Zaitsev System","C92","1.e4 e5 2.Nf3 Nc6 3.Bb5 a6 4.Ba4 Nf6 5.O-O Be7 6.Re1 b5 7.Bb3 O-O 8.c3 d6 9.h3 Re8"
"Pirc Defense, 150 Attack, Sveshnikov-Jansa Attack","B07","1.e4 d6 2.d4 Nf6 3.Nc3 g6 4.Be3 c6 5.h3"
"Four Knights Game, Spanish Variation","C49","1.e4 e5 2.Nf3 Nc6 3.Nc3 Nf6 4.Bb5 Bb4 5.O-O O-O 6.d3 Bxc3"
"Queen's Gambit Declined, Semi-Tarrasch Defense, Pillsbury Variation","D41","1.d4 d5 2.c4 e6 3.Nc3 Nf6 4.Nf3 c5 5.cxd5 Nxd5 6.e3"
"Sicilian Defense, Richter-Rauzer Variation, Vitolins Variation","B62","1.e4 c5 2.Nf3 d6 3.d4 cxd4 4.Nxd4 Nf6 5.Nc3 Nc6 6.Bg5 e6 7.Bb5"
"Sicilian Defense, Flohr Variation","B32","1.e4 c5 2.Nf3 Nc6 3.d4 cxd4 4.Nxd4 Qc7"
"English Opening, Anglo-Indian Defense, Queens Indian Formation","A17","1.c4 Nf6 2.Nc3 e6 3.Nf3 b6"
"Elephant Gambit, Paulsen Countergambit","C40","1.e4 e5 2.Nf3 d5 3.exd5 e4"
"Russian Game, Paulsen Attack","C42","1.e4 e5 2.Nf3 Nf6 3.Nxe5 d6 4.Nc4"
"Caro-Kann Defense, Panov Attack, Modern Defense, Carlsbad Line","B13","1.e4 c6 2.d4 d5 3.exd5 cxd5 4.c4 Nf6 5.Nc3 Nc6 6.Bg5 e6"
"Queen's Indian Defense, Fianchetto Variation, Saemisch Variation","E15","1.d4 Nf6 2.c4 e6 3.Nf3 b6 4.g3 Bb7 5.Bg2 c5"
"Queen Pawn Game, Veresov Atack, Richter Variation","D01","1.d4 d5 2.Nc3 Nf6 3.Bg5 Bf5 4.f3"
"Reti Opening, Anglo-Slav Variation, Bogoljubow Variation III","A12","1.Nf3 d5 2.c4 c6 3.b3"
"Spanish Game, Morphy Defense, Modern Steinitz Defense","C73","1.e4 e5 2.Nf3 Nc6 3.Bb5 a6 4.Ba4 d6 5.Bxc6+ bxc6 6.d4 f6"
"Sicilian Defense, Modern Variations, Anti-Qxd4 Move Order","B50","1.e4 c5 2.Nf3 d6 3.d4 Nf6"
"Benko Gambit, Declined, Sosonko Variation","A57","1.d4 Nf6 2.c4 c5 3.d5 b5 4.a4"
"Gruenfeld Defense, Brinckmann Attack, Grünfeld Gambit, Capablanca Variation","D83","1.d4 Nf6 2.c4 g6 3.Nc3 d5 4.Bf4 Bg7 5.e3 O-O 6.Rc1"
"Russian Game, Modern Attack, Center Attack","C43","1.e4 e5 2.Nf3 Nf6 3.d4 exd4 4.e5 Ne4 5.Qxd4"
"Vienna Game, Stanley Variation","C26","1.e4 e5 2.Nc3 Nf6 3.Bc4"
"Spanish Game, Morphy Defense, Fianchetto Defense Deferred","C70","1.e4 e5 2.Nf3 Nc6 3.Bb5 a6 4.Ba4 g6"
"Sicilian Defense, Smith-Morra Gambit, Declined, Scandinavian Formation","B21","1.e4 c5 2.d4 cxd4 3.c3 d5"
"Queen's Gambit Accepted, Bogoljubow Defense","D24","1.d4 d5 2.c4 dxc4 3.Nf3 Nf6 4.Nc3 a6 5.e4"
"Gunderam Defense, General","C40","1.e4 e5 2.Nf3 Qe7"
"Russian Game, Damiano Variation, Kholmov Gambit","C42","1.e4 e5 2.Nf3 Nf6 3.Nxe5 Nxe4 4.Qe2 Qe7"
"Queen Pawn Game, Anti-Torre","D02","1.d4 d5 2.Nf3 Bg4"
"French Defense, MacCutcheon Variation, Janowski Variation","C12","1.e4 e6 2.d4 d5 3.Nc3 Nf6 4.Bg5 Bb4 5.e5 h6 6.Be3"
"Slav Defense, Slav Gambit, Alekhine Attack","D10","1.d4 d5 2.c4 c6 3.Nc3 dxc4 4.e4"
"Catalan Opening, Open Defense, Tarrasch Defense","E04","1.d4 Nf6 2.c4 e6 3.g3 d5 4.Bg2 c5 5.Nf3 Nc6"
"Nimzo-Indian Defense, Classical Variation, Noa Variation","E37","1.d4 Nf6 2.c4 e6 3.Nc3 Bb4 4.Qc2 d5 5.a3 Bxc3+ 6.Qxc3 Ne4 7.Qc2"
"Benko Gambit, Zaitsev Variation, Nescafe Frappe Attack","A57","1.d4 Nf6 2.c4 c5 3.d5 b5 4.cxb5 a6 5.Nc3 axb5 6.e4 b4 7.Nb5"
"King Pawn Game, Maroczy Defense","B07","1.e4 d6 2.d4 e5"
"Scotch Game, Göring Gambit","C44","1.e4 e5 2.Nf3 Nc6 3.d4 exd4 4.c3"
"Italian Game, Scotch Gambit, Max Lange Attack","C55","1.e4 e5 2.Nf3 Nc6 3.Bc4 Nf6 4.d4 exd4 5.O-O Bc5"
"Sicilian Defense, Dragon Variation, Yugoslav Attack","B76","1.e4 c5 2.Nf3 d6 3.d4 cxd4 4.Nxd4 Nf6 5.Nc3 g6 6.Be3 Bg7 7.f3 O-O"
"Sicilian Defense, McDonnell Attack, Tal Gambit","B21","1.e4 c5 2.f4 d5 3.exd5 Nf6"
"Sicilian Defense, Scheveningen Variation, Classical Variation, Paulsen Variation","B85","1.e4 c5 2.Nf3 d6 3.d4 cxd4 4.Nxd4 Nf6 5.Nc3 e6 6.Be2 a6 7.O-O Qc7 8.f4 Nc6 9.Be3"
"Queen's Indian Defense, Fianchetto Variation, Nimzowitsch Variation, Timman's Line","E15","1.d4 Nf6 2.c4 e6 3.Nf3 b6 4.g3 Ba6 5.Qb3"
"Caro-Kann Defense, Karpov Variation, Smyslov Variation, Main Line","B17","1.e4 c6 2.d4 d5 3.Nc3 dxe4 4.Nxe4 Nd7 5.Bc4 Ngf6 6.Ng5 e6 7.Qe2 Nb6 8.Bb3"
"Nimzo-Indian Defense, Saemisch Variation","E26","1.d4 Nf6 2.c4 e6 3.Nc3 Bb4 4.a3 Bxc3+ 5.bxc3 c5 6.e3"
"Bishop's Opening, Vienna Hybrid, Hromadka Variation","C28","1.e4 e5 2.Bc4 Nf6 3.d3 Nc6 4.Nc3 Bb4 5.Ne2"
"Slav Defense, Exchange Variation, Trifunovic Variation","D14","1.d4 d5 2.c4 c6 3.Nf3 Nf6 4.cxd5 cxd5 5.Nc3 Nc6 6.Bf4 Bf5 7.e3 e6 8.Qb3 Bb4"
"Semi-Slav Defense, Meran Variation, Lundin Variation","D47","1.d4 d5 2.c4 e6 3.Nc3 Nf6 4.Nf3 c6 5.e3 Nbd7 6.Bd3 dxc4 7.Bxc4 b5 8.Bd3 b4"
"Nimzo-Indian Defense, Spielmann Variation","E22","1.d4 Nf6 2.c4 e6 3.Nc3 Bb4 4.Qb3"
"Nimzo-Indian Defense, Saemisch Variation","E28","1.d4 Nf6 2.c4 e6 3.Nc3 Bb4 4.a3 Bxc3+ 5.bxc3 O-O 6.e3"
"Sicilian Defense, Richter-Rauzer Variation, Ivanov Variation","B63","1.e4 c5 2.Nf3 d6 3.d4 cxd4 4.Nxd4 Nf6 5.Nc3 Nc6 6.Bg5 e6 7.Qd2 Qb6"
"Queen's Indian Defense, Kasparov Variation, General","E13","1.d4 Nf6 2.c4 e6 3.Nf3 b6 4.Nc3 Bb7 5.Bg5 h6 6.Bh4 Bb4"
"Vienna Game, Falkbeer Variation","C26","1.e4 e5 2.Nc3 Nf6"
"King's Indian Attack, Smyslov Variation","A05","1.Nf3 Nf6 2.g3 g6 3.b4"
"Pirc Defense, Classical Variation","B07","1.e4 d6 2.d4 Nf6 3.Nc3 g6 4.Be2"
"Queen Pawn Game, Veresov Atack, Alburt Defense","D00","1.d4 d5 2.Nc3 Bf5"
"Dutch Defense, Classical Variation, Stonewall Variation","A95","1.d4 f5 2.c4 Nf6 3.g3 e6 4.Bg2 Be7 5.Nf3 O-O 6.O-O d5 7.Nc3 c6"
"Danish Gambit, General","C21","1.e4 e5 2.d4 exd4 3.c3"
"Scandinavian Defense, Panov Transfer","B01","1.e4 d5 2.exd5 Nf6 3.c4 c6"
"Queen's Gambit Accepted, Rosenthal Variation","D21","1.d4 d5 2.c4 dxc4 3.Nf3 e6"
"Italian Game, Evans Gambit, Anderssen Variation, Cordel Line","C51","1.e4 e5 2.Nf3 Nc6 3.Bc4 Bc5 4.b4 Bxb4 5.c3 Be7 6.d4 Na5"
"Bird Opening, Lasker Variation","A03","1.f4 d5 2.Nf3 Nf6 3.e3 c5"
"Russian Game, Classical Attack, Marshall Variation","C42","1.e4 e5 2.Nf3 Nf6 3.Nxe5 d6 4.Nf3 Nxe4 5.d4 d5 6.Bd3 Bd6"
"Reti Opening, Anglo-Slav Variation, London Defensive System","A12","1.Nf3 d5 2.c4 c6 3.b3 Nf6 4.g3 Bf5"
"Zukertort Opening, Lisitsyn Gambit","A04","1.Nf3 f5 2.e4"
"Sicilian Defense, Kan Variation, Wing Attack, Spraggett Attack","B43","1.e4 c5 2.Nf3 e6 3.d4 cxd4 4.Nxd4 a6 5.Nc3 b5 6.Bd3 Qb6 7.Nf3"
"Spanish Game, Closed Variations, Center Attack","C84","1.e4 e5 2.Nf3 Nc6 3.Bb5 a6 4.Ba4 Nf6 5.O-O Be7 6.d4"
"French Defense, Alekhine-Chatard Attack, Maroczy Variation","C13","1.e4 e6 2.d4 d5 3.Nc3 Nf6 4.Bg5 Be7 5.e5 Nfd7 6.h4 a6"
"Dutch Defense, Leningrad Variation","A86","1.d4 f5 2.c4 Nf6 3.g3 g6"
"King's Indian Defense, Fianchetto Variation, Yugoslav Variation, Rare Lines","E64","1.d4 Nf6 2.c4 g6 3.Nc3 Bg7 4.Nf3 d6 5.g3 O-O 6.Bg2 c5"
"Slav Defense, Czech Variation, Wiesbaden Variation, Sharp line","D17","1.d4 d5 2.c4 c6 3.Nf3 Nf6 4.Nc3 dxc4 5.a4 Bf5 6.Ne5 e6 7.f3 Bb4 8.e4"
"Queen's Gambit Declined, Westphalian Variation","D51","1.d4 d5 2.c4 e6 3.Nc3 Nf6 4.Bg5 Nbd7 5.e3 Bb4 6.Nf3 c5"
"Nimzowitsch Defense, Mikenas Variation","B00","1.e4 Nc6 2.d4 d6"
"Sicilian Defense, Najdorf Variation, Neo-Classical Defense","B96","1.e4 c5 2.Nf3 d6 3.d4 cxd4 4.Nxd4 Nf6 5.Nc3 a6 6.Bg5 e6 7.f4 Nc6"
"Alekhine Defense, General","B02","1.e4 Nf6"
"Modern Defense, Rossolimo Variation","A41","1.e4 g6 2.d4 Bg7 3.Nf3 d6 4.c4 Bg4"
"Dutch Defense, Classical Variation, Ilyin-Zhenevsky Variation, General","A97","1.d4 f5 2.c4 Nf6 3.g3 e6 4.Bg2 Be7 5.Nf3 O-O 6.O-O d6 7.Nc3 Qe8"
"Italian Game, Classical Variation, Giuoco Pianissimo, Main line","C53","1.e4 e5 2.Nf3 Nc6 3.Bc4 Bc5 4.c3 Nf6 5.d3 a6 6.Bb3 Ba7 7.h3 O-O 8.O-O d6 9.Re1"
"Sicilian Defense, Kan Variation, Wing Attack, Fianchetto Variation","B43","1.e4 c5 2.Nf3 e6 3.d4 cxd4 4.Nxd4 a6 5.Nc3 b5 6.g3"
"Queen's Gambit Declined, Anti-Tartakower Variation, Petrosian Variation","D55","1.d4 d5 2.c4 e6 3.Nc3 Nf6 4.Bg5 Be7 5.e3 O-O 6.Nf3 h6 7.Bxf6 Bxf6 8.Rc1 c6 9.Bd3 Nd7 10.O-O dxc4 11.Bxc4"
"French Defense, Winawer Variation, Retreat  Variation, General","C18","1.e4 e6 2.d4 d5 3.Nc3 Bb4 4.e5 c5 5.a3 Ba5"
"Indian Game, Normal Variation","A50","1.d4 Nf6 2.c4"
"Sicilian Defense, Kronberger Variation","B20","1.e4 c5 2.Na3"
"Semi-Slav Defense, Meran Variation, Wade Variation, Larsen Variation","D47","1.d4 d5 2.c4 e6 3.Nc3 Nf6 4.Nf3 c6 5.e3 Nbd7 6.Bd3 dxc4 7.Bxc4 b5 8.Bd3 Bb7 9.e4 b4 10.Na4 c5 11.e5 Nd5"
"Dutch Defense, Nimzo-Dutch Variation","A90","1.d4 f5 2.c4 Nf6 3.g3 e6 4.Bg2 Bb4+"
"King's Indian Defense, Orthodox Variation, Classical System, Benko Attack","E99","1.d4 Nf6 2.c4 g6 3.Nc3 Bg7 4.e4 d6 5.Nf3 O-O 6.Be2 e5 7.O-O Nc6 8.d5 Ne7 9.Ne1 Nd7 10.f3 f5 11.g4"
"Sicilian Defense, Najdorf Variation, Browne Variation","B98","1.e4 c5 2.Nf3 d6 3.d4 cxd4 4.Nxd4 Nf6 5.Nc3 a6 6.Bg5 e6 7.f4 Be7 8.Qf3 h6 9.Bh4 Qc7"
"Rubinstein Opening, Bogoljubow Defense","D05","1.d4 d5 2.Nf3 Nf6 3.e3 e6 4.Bd3 c5 5.b3 Nc6 6.Bb2 Bd6 7.O-O O-O"
"Neo-Gruenfeld Defense, Classical Variation, Polgar Variation","D78","1.d4 Nf6 2.c4 g6 3.g3 d5 4.Bg2 Bg7 5.Nf3 O-O 6.O-O Nc6"
"Italian Game, Classical Variation, Greco Gambit, Anderssen Variation","C54","1.e4 e5 2.Nf3 Nc6 3.Bc4 Bc5 4.c3 Nf6 5.d4 exd4 6.e5 d5 7.Bb5 Ne4 8.cxd4 Bb4+"
"Bird Opening, From Gambit, Lasker Variation","A02","1.f4 e5 2.fxe5 d6 3.exd6 Bxd6 4.Nf3 g5"
"Sicilian Defense, O'Kelly Variation, Maroczy Bind, Robatsch Line","B28","1.e4 c5 2.Nf3 a6 3.c4 d6"
"Nimzo-Indian Defense, Classical Variation, Zurich Variation","E33","1.d4 Nf6 2.c4 e6 3.Nc3 Bb4 4.Qc2 Nc6"
"Italian Game, Two Knights Defense, Ulvestad Variation","C57","1.e4 e5 2.Nf3 Nc6 3.Bc4 Nf6 4.Ng5 d5 5.exd5 b5"
"Spanish Game, Morphy Defense, Modern Steinitz Defense","C75","1.e4 e5 2.Nf3 Nc6 3.Bb5 a6 4.Ba4 d6 5.c3 Bd7 6.d4 Nge7"
"Queen Pawn Game, Colle System, Gruenfeld Formation","A48","1.d4 Nf6 2.Nf3 g6 3.e3 Bg7 4.Bd3 d5"
"King's Indian Defense, Zinnowitz Variation","E90","1.d4 Nf6 2.c4 g6 3.Nc3 Bg7 4.e4 d6 5.Nf3 O-O 6.Bg5"
"Spanish Game, Closed Variations, Smyslov-Breyer-Zaitsev Hybrid","C93","1.e4 e5 2.Nf3 Nc6 3.Bb5 a6 4.Ba4 Nf6 5.O-O Be7 6.Re1 b5 7.Bb3 O-O 8.c3 d6 9.h3 Re8 10.d4 Bb7 11.Nbd2 Bf8 12.a3 h6"
"Nimzo-Indian Defense, Three Knights Variation, Duchamp Variation, Modern Line","E21","1.d4 Nf6 2.c4 e6 3.Nc3 Bb4 4.Nf3 b6 5.Bg5 Bb7 6.Nd2"
"Slav Defense, Smyslov Variation","D16","1.d4 d5 2.c4 c6 3.Nf3 Nf6 4.Nc3 dxc4 5.a4 Na6"
"Old Indian, Czech Variation w/Nc3","A53","1.d4 Nf6 2.c4 d6 3.Nc3 c6"
"Modern Defense, Bishop Attack","B06","1.e4 g6 2.d4 Bg7 3.Bc4"
"Italian Game, Two Knights Defense, Fritz Variation","C57","1.e4 e5 2.Nf3 Nc6 3.Bc4 Nf6 4.Ng5 d5 5.exd5 Nd4"
"Benoni Defense, Old Benoni Defense, Clarendon Court Variation","A43","1.d4 c5 2.d5 f5"
"Four Knights Game, Scotch Variation","C47","1.e4 e5 2.Nf3 Nc6 3.Nc3 Nf6 4.d4"
"Reti Opening, Anglo-Slav Variation, Bogoljubow Variation II","A12","1.Nf3 d5 2.c4 c6 3.b3 Bg4"
"Trompowsky Attack, Poisoned Pawn Variation","A45","1.d4 Nf6 2.Bg5 c5 3.d5 Qb6 4.Nc3"
"Russian Game, Modern Attack, Murrey Variation","C43","1.e4 e5 2.Nf3 Nf6 3.d4 Nxe4 4.Bd3 Nc6"
"French Defense, Winawer Variation, Advance Variation, Moscow Variation","C17","1.e4 e6 2.d4 d5 3.Nc3 Bb4 4.e5 c5 5.Qg4"
"King's Knight Opening, Konstantinopolsky Opening","C44","1.e4 e5 2.Nf3 Nc6 3.g3"
"Sicilian Defense, Kan Variation, Maroczy Bind, Bronstein Variation","B41","1.e4 c5 2.Nf3 e6 3.d4 cxd4 4.Nxd4 a6 5.c4 Nf6 6.Nc3 Bb4 7.Bd3 Nc6"
"King Pawn Game, Tayler Opening, Inverted Hanham","C44","1.e4 e5 2.Nf3 Nc6 3.Be2 Nf6 4.d3 d5 5.Nbd2"
"Italian Game, Bird's Attack","C53","1.e4 e5 2.Nf3 Nc6 3.Bc4 Bc5 4.c3 Nf6 5.b4"
"Benoni Defense, Classical Variation, Main line","A73","1.d4 Nf6 2.c4 c5 3.d5 e6 4.Nc3 exd5 5.cxd5 d6 6.e4 g6 7.Nf3 Bg7 8.Be2 O-O 9.O-O"
"Catalan Opening, Closed Variation, Botvinnik Variation","E07","1.d4 Nf6 2.c4 e6 3.g3 d5 4.Bg2 Be7 5.Nf3 O-O 6.O-O Nbd7 7.Nc3 c6 8.Qd3"
"English Opening, King's English Variation, Closed System","A25","1.c4 e5 2.Nc3 Nc6 3.g3 g6 4.Bg2 Bg7 5.d3"
"Nimzo-Indian Defense, Romanishin Variation, English Hybrid","E20","1.d4 Nf6 2.c4 e6 3.Nc3 Bb4 4.Nf3 c5 5.g3 O-O 6.Bg2 cxd4 7.Nxd4 d5 8.cxd5 Nxd5"
"Slav Defense, Alapin Variation","D16","1.d4 d5 2.c4 c6 3.Nf3 Nf6 4.Nc3 dxc4 5.a4"
"Benoni Defense, Uhlmann Variation","A61","1.d4 Nf6 2.c4 c5 3.d5 e6 4.Nc3 exd5 5.cxd5 d6 6.Nf3 g6 7.Bg5"
"Italian Game, Classical Variation, Closed Variation","C53","1.e4 e5 2.Nf3 Nc6 3.Bc4 Bc5 4.c3 Qe7"
"Spanish Game, Morphy Defense, Modern Steinitz Defense","C73","1.e4 e5 2.Nf3 Nc6 3.Bb5 a6 4.Ba4 d6 5.Bxc6+ bxc6 6.d4"
"Hungarian Opening, Dutch Defense","A00","1.g3 f5"
"Russian Game, Classical Attack, Mason Variation","C42","1.e4 e5 2.Nf3 Nf6 3.Nxe5 d6 4.Nf3 Nxe4 5.d4 d5 6.Bd3 Be7 7.O-O O-O"
"Sicilian Defense, Najdorf Variation, Polugayevsky  Variation","B96","1.e4 c5 2.Nf3 d6 3.d4 cxd4 4.Nxd4 Nf6 5.Nc3 a6 6.Bg5 e6 7.f4 b5"
"Modern Defense, Norwegian Defense","B06","1.e4 g6 2.d4 Nf6"
"Spanish Game, Berlin Defense","C65","1.e4 e5 2.Nf3 Nc6 3.Bb5 Nf6 4.O-O"
"Semi-Slav Defense, Botvinnik Variation","D44","1.d4 d5 2.c4 e6 3.Nc3 Nf6 4.Nf3 c6 5.Bg5 dxc4 6.e4"
"Slav Defense, Winawer Countergambit","D10","1.d4 d5 2.c4 c6 3.Nc3 e5"
"French Defense, MacCutcheon Variation, Exchange Variation","C12","1.e4 e6 2.d4 d5 3.Nc3 Nf6 4.Bg5 Bb4 5.exd5"
"Rat Defense, Small Center Defense","C00","1.e4 d6 2.d4 e6"
"Queen Pawn Game, Franco-Sicilian Defense","C00","1.d4 e6 2.e4 c5"
"Spanish Game, Schliemann Defense, Schönemann Attack","C63","1.e4 e5 2.Nf3 Nc6 3.Bb5 f5 4.d4"
"Sicilian Defense, O'Kelly Variation, Reti System","B28","1.e4 c5 2.Nf3 a6 3.g3"
"Spanish Game, Morphy Defense, Modern Steinitz Defense","C74","1.e4 e5 2.Nf3 Nc6 3.Bb5 a6 4.Ba4 d6 5.c3"
"Queen's Gambit Refused, Austrian Defense","D06","1.d4 d5 2.c4 c5"
"Clemenz Opening, General","A00","1.h3"
"Queen's Gambit Declined, Miles Variation, Dzhindzhi Attack","D53","1.d4 d5 2.c4 e6 3.Nc3 Nf6 4.Bg5 Be7 5.Nf3 O-O 6.Qc2"
"French Defense, Alekhine-Chatard Attack, Albin-Chatard Gambit","C13","1.e4 e6 2.d4 d5 3.Nc3 Nf6 4.Bg5 Be7 5.e5 Nfd7 6.h4 Bxg5 7.hxg5 Qxg5"
"Russian Game, Classical Attack, Jaenisch Variation","C42","1.e4 e5 2.Nf3 Nf6 3.Nxe5 d6 4.Nf3 Nxe4 5.d4 d5 6.Bd3 Be7 7.O-O Nc6 8.c4"
"Spanish Game, Berlin Defense, Berlin Wall, J. Rogers Line","C67","1.e4 e5 2.Nf3 Nc6 3.Bb5 Nf6 4.O-O Nxe4 5.d4 Nd6 6.Bxc6 dxc6 7.dxe5 Nf5 8.Qxd8+ Kxd8 9.Nc3 Bd7"
"Spanish Game, Open Variations, St. Petersburg Variation","C82","1.e4 e5 2.Nf3 Nc6 3.Bb5 a6 4.Ba4 Nf6 5.O-O Nxe4 6.d4 b5 7.Bb3 d5 8.dxe5 Be6 9.c3 Bc5 10.Nbd2"
"Alekhine Defense, Two Pawn Attack","B02","1.e4 Nf6 2.e5 Nd5 3.c4"
"Benoni Defense, Classical Variation, Averbakh-Grivas Attack","A71","1.d4 Nf6 2.c4 c5 3.d5 e6 4.Nc3 exd5 5.cxd5 d6 6.e4 g6 7.Nf3 Bg7 8.Bg5"
"Italian Game, Two Knights Defense, Perreux Variation","C55","1.e4 e5 2.Nf3 Nc6 3.Bc4 Nf6 4.d4 exd4 5.Ng5"
"Queen's Gambit Declined, Lasker Defense, Teichmann Variation","D56","1.d4 d5 2.c4 e6 3.Nc3 Nf6 4.Bg5 Be7 5.e3 O-O 6.Nf3 h6 7.Bh4 Ne4 8.Bxe7 Qxe7 9.Qc2"
"Spanish Game, Schliemann Defense, Classical Variation","C63","1.e4 e5 2.Nf3 Nc6 3.Bb5 f5 4.Nc3 fxe4 5.Nxe4 d5 6.Nxe5 dxe4 7.Nxc6 Qg5"
"King's Indian Defense, Averbakh Variation","E73","1.d4 Nf6 2.c4 g6 3.Nc3 Bg7 4.e4 d6 5.Be2 O-O 6.Bg5"
"Indian Game Defense, Pseudo-Queen's Indian, Marienbad System","A47","1.d4 Nf6 2.Nf3 b6 3.g3 Bb7 4.Bg2 c5"
"Nimzo-Indian Defense, Saemisch Variation","E27","1.d4 Nf6 2.c4 e6 3.Nc3 Bb4 4.a3 Bxc3+ 5.bxc3 O-O"
"Nimzo-Indian Defense, Classical Variation, Vitolinsh-Adorjan Gambit","E32","1.d4 Nf6 2.c4 e6 3.Nc3 Bb4 4.Qc2 O-O 5.a3 Bxc3+ 6.Qxc3 b5"
"Sicilian Defense, Smith-Morra Gambit, Accepted, Classical Formation","B21","1.e4 c5 2.d4 cxd4 3.c3 dxc3 4.Nxc3 Nc6 5.Nf3 d6 6.Bc4 a6 7.O-O Nf6"
"Italian Game, Evans Gambit, Declined","C51","1.e4 e5 2.Nf3 Nc6 3.Bc4 Bc5 4.b4 Bb6"
"Vienna Game, Vienna Gambit, Modern Variation","C29","1.e4 e5 2.Nc3 Nf6 3.f4 d5 4.fxe5 Nxe4 5.d3"
"Spanish Game, Morphy Defense, Schliemann Defense Deferred","C70","1.e4 e5 2.Nf3 Nc6 3.Bb5 a6 4.Ba4 f5"
"Vienna Game, Vienna Gambit, Breyer Variation","C29","1.e4 e5 2.Nc3 Nf6 3.f4 d5 4.fxe5 Nxe4 5.Nf3 Be7"
"Sicilian Defense, Smith-Morra Gambit Deferred","B40","1.e4 c5 2.Nf3 e6 3.d4 cxd4 4.c3"
"Queen's Gambit Declined, Vienna Variation","D30","1.d4 d5 2.c4 e6 3.Nf3 Nf6 4.Bg5 Bb4+"
"Philidor Defense, Exchange Variation","C41","1.e4 e5 2.Nf3 d6 3.d4 exd4 4.Nxd4"
"Spanish Game, Closed Variations, Kholmov Variation","C92","1.e4 e5 2.Nf3 Nc6 3.Bb5 a6 4.Ba4 Nf6 5.O-O Be7 6.Re1 b5 7.Bb3 O-O 8.c3 d6 9.h3 Be6"
"Semi-Slav Defense, Marshall Gambit, Forgotten Variation","D31","1.d4 d5 2.c4 e6 3.Nc3 c6 4.e4 dxe4 5.Nxe4 Bb4+ 6.Nc3"
"Queen's Gambit Declined, Harrwitz Attack, Main Line, Old Main Line","D37","1.d4 d5 2.c4 e6 3.Nc3 Nf6 4.Nf3 Be7 5.Bf4 O-O 6.e3 c5 7.dxc5 Bxc5 8.Qc2 Nc6 9.a3 Qa5 10.Rd1"
"Old Indian Defense, Janowski Variation, Fianchetto Variation","A53","1.d4 Nf6 2.c4 d6 3.Nc3 Bf5 4.Nf3"
"English Opening, Agincourt Defense, Kurajica Defense","A13","1.c4 e6 2.Nf3 d5 3.g3 c6"
"King's Gambit, Accepted, Schallop Defense","C34","1.e4 e5 2.f4 exf4 3.Nf3 Nf6"
"Sicilian Defense, Dragon Variation, Yugoslav Attack, Sosonko Variation","B77","1.e4 c5 2.Nf3 d6 3.d4 cxd4 4.Nxd4 Nf6 5.Nc3 g6 6.Be3 Bg7 7.f3 O-O 8.Qd2 Nc6 9.Bc4 Nd7"
"King's Gambit, Declined, Classical Variation, General","C30","1.e4 e5 2.f4 Bc5 3.Nf3 d6 4.c3"
"Queen's Gambit Declined, Hastings Variation","D30","1.d4 d5 2.c4 e6 3.Nf3 Nf6 4.Bg5 h6 5.Bxf6 Qxf6 6.Nc3 c6 7.Qb3"
"Sicilian Defense, Nyezhmetdinov-Rossolimo Attack, Fianchetto Variation, Gufeld Gambit","B31","1.e4 c5 2.Nf3 Nc6 3.Bb5 g6 4.O-O Bg7 5.c3 e5 6.d4"
"Scotch Game, Modern Defense","C45","1.e4 e5 2.Nf3 Nc6 3.d4 exd4 4.Nxd4 Qh4 5.Nc3 Bb4"
"Gruenfeld Defense, Opocensky Variation","D94","1.d4 Nf6 2.c4 g6 3.Nc3 d5 4.Nf3 Bg7 5.e3 O-O 6.Bd2"
"English Opening, Anglo-Indian Defense, Scandavian Defense, Exchange Variation","A15","1.c4 Nf6 2.Nf3 d5 3.cxd5 Nxd5"
"Spanish Game, Classical Variation, Modern Main Line","C64","1.e4 e5 2.Nf3 Nc6 3.Bb5 Bc5 4.O-O Nf6 5.c3 O-O 6.d4 Bb6 7.Bg5"
"King's Gambit, Accepted, Bishop's Gambit","C33","1.e4 e5 2.f4 exf4 3.Bc4"
"Sicilian Defense, Dragon Variation, Classical Variation, Tartakower Line","B74","1.e4 c5 2.Nf3 d6 3.d4 cxd4 4.Nxd4 Nf6 5.Nc3 g6 6.Be2 Bg7 7.Be3 Nc6 8.O-O O-O 9.Nb3 Be6 10.f4 Qc8"
"Alekhine Defense, Modern Variation","B04","1.e4 Nf6 2.e5 Nd5 3.d4 d6 4.Nf3"
"French Defense, Winawer Variation, Advance Variation","C17","1.e4 e6 2.d4 d5 3.Nc3 Bb4 4.e5 c5"
"Polish Opening, Outflank Variation","A00","1.b4 c6"
"Sicilian Defense, Wing Gambit Deferred","B40","1.e4 c5 2.Nf3 e6 3.b4"
"Queen's Gambit Accepted, Central Variation, Greco Variation","D20","1.d4 d5 2.c4 dxc4 3.e4 b5"
"Gruenfeld Defense, Makogonov Variation","D94","1.d4 Nf6 2.c4 g6 3.Nc3 d5 4.Nf3 Bg7 5.e3 O-O 6.b4"
"Queen's Indian Defense, Fianchetto Variation, Rubinstein Variation","E16","1.d4 Nf6 2.c4 e6 3.Nf3 b6 4.g3 Bb7 5.Bg2 c5 6.d5 exd5 7.Nh4"
"Italian Game, Classical Variation, Albin Gambit","C53","1.e4 e5 2.Nf3 Nc6 3.Bc4 Bc5 4.c3 Nf6 5.O-O"
"Sicilian Defense, Lasker-Pelikan Variation, Sveshnikov Variation","B33","1.e4 c5 2.Nf3 Nc6 3.d4 cxd4 4.Nxd4 Nf6 5.Nc3 e5 6.Ndb5 d6 7.Bg5 a6 8.Na3 b5"
"Queen Pawn Game, Mason Attack","D00","1.d4 d5 2.f4"
"Gruenfeld Defense, Russian Variation, Accelerated Variation","D81","1.d4 Nf6 2.c4 g6 3.Nc3 d5 4.Qb3"
"Gruenfeld Defense, Exchange Variation, Simagin's Improved Variation","D86","1.d4 Nf6 2.c4 g6 3.Nc3 d5 4.cxd5 Nxd5 5.e4 Nxc3 6.bxc3 Bg7 7.Bc4 O-O 8.Ne2 Nc6"
"Sicilian Defense, O'Kelly Variation, Maroczy Bind, Geller Line","B28","1.e4 c5 2.Nf3 a6 3.c4 Nc6 4.d4 cxd4 5.Nxd4 e5"
"Queen's Gambit Declined, Tartakower Variation, Exchange Variation","D57","1.d4 d5 2.c4 e6 3.Nc3 Nf6 4.Bg5 Be7 5.e3 O-O 6.Nf3 h6 7.Bh4 b6 8.cxd5 exd5"
"Spanish Game, Morphy Defense, Duras Variation","C77","1.e4 e5 2.Nf3 Nc6 3.Bb5 a6 4.Ba4 Nf6 5.d3 d6 6.c4"
"Scandinavian Defense, Portuguese Variation, Portuguese Gambit","B01","1.e4 d5 2.exd5 Nf6 3.d4 Bg4 4.f3 Bf5 5.Bb5+ Nbd7"
"St. George Defense, Polish Variation","B00","1.e4 a6 2.d4 b5 3.Nf3 Bb7 4.Bd3 e6"
"Queen Pawn Game, Veresov Atack, Classical Defense","D01","1.d4 d5 2.Nc3 Nf6 3.Bg5 e6 4.Nf3"
"Nimzo-Indian Defense, Saemisch Variation","E29","1.d4 Nf6 2.c4 e6 3.Nc3 Bb4 4.a3 Bxc3+ 5.bxc3 O-O 6.e3 c5 7.Bd3 Nc6"
"Gruenfeld Defense, Three Knights Variation, Paris Variation","D94","1.d4 Nf6 2.c4 g6 3.Nc3 d5 4.Nf3 Bg7 5.e3 O-O 6.Bd3"
"French Defense, Exchange Variation, Svenonius Variation","C01","1.e4 e6 2.d4 d5 3.exd5 exd5 4.Nc3 Nf6 5.Bg5"
"King Pawn Game, Leonardis Variation","C20","1.e4 e5 2.d3"
"Sicilian Defense, Modern Variations, Tartakower","B53","1.e4 c5 2.Nf3 d6 3.d4 cxd4 4.c3"
"Four Knights Game, Nimzowitsch (Paulsen)","C49","1.e4 e5 2.Nf3 Nc6 3.Nc3 Nf6 4.Bb5 Bb4 5.O-O O-O 6.Bxc6"
"Scotch Game, Scotch Gambit, London Defense","C44","1.e4 e5 2.Nf3 Nc6 3.d4 exd4 4.Bc4 Bb4+"
"Slav Defense, Two Knights Attack","D15","1.d4 d5 2.c4 c6 3.Nf3 Nf6 4.Nc3 dxc4"
"Caro-Kann Defense, De Bruycker Defense","A40","1.e4 c6 2.d4 Na6"
"Reti Opening, Anglo-Slav Variation, Capablanca Variation","A12","1.Nf3 d5 2.c4 c6 3.b3 Nf6 4.Bb2 Bg4"
"Four Knights Game, Spanish Variation, Symmetrical Variation","C49","1.e4 e5 2.Nf3 Nc6 3.Nc3 Nf6 4.Bb5 Bb4 5.O-O O-O 6.d3 d6 7.Ne2"
"Center Game, Normal Variation","C22","1.e4 e5 2.d4 exd4 3.Qxd4 Nc6"
"Van Geet Opening, Napoleon Attack","A00","1.Nc3 e5 2.Nf3 Nc6 3.d4"
"Danish Gambit, Declined, Sorensen Defense","C21","1.e4 e5 2.d4 exd4 3.c3 d5"
"French Defense, Classical Variation, Swiss Variation","C11","1.e4 e6 2.d4 d5 3.Nc3 Nf6 4.Bd3"
"Sicilian Defense, Scheveningen Variation, Tal Variation","B82","1.e4 c5 2.Nf3 d6 3.d4 cxd4 4.Nxd4 Nf6 5.Nc3 e6 6.f4 Nc6 7.Be3 Be7 8.Qf3"
"Gruenfeld Defense, Exchange Variation, Modern Exchange Variation, Kramnik's line","D85","1.d4 Nf6 2.c4 g6 3.Nc3 d5 4.cxd5 Nxd5 5.e4 Nxc3 6.bxc3 Bg7 7.Nf3 c5 8.h3"
"System, Canard Formation","A45","1.d4 Nf6 2.f4"
"Benoni Defense, Classical Variation, Argentine Counterattack","A75","1.d4 Nf6 2.c4 c5 3.d5 e6 4.Nc3 exd5 5.cxd5 d6 6.e4 g6 7.Nf3 Bg7 8.Be2 O-O 9.O-O a6 10.a4 Bg4"
"Neo-Grünfeld Defense, Non- or Delayed Fianchetto","D70","1.d4 Nf6 2.c4 g6 3.Nf3 d5"
"Scotch Game, Scotch Gambit, Kingside Variation","C45","1.e4 e5 2.Nf3 Nc6 3.d4 exd4 4.Bc4 Nf6 5.e5 Ng4"
"Catalan Opening, Open Defense","E02","1.d4 Nf6 2.c4 e6 3.g3 d5 4.Bg2 dxc4 5.Qa4+"
"Sicilian Defense, Richter-Rauzer Variation, Classical Variation, Kantscher Line","B66","1.e4 c5 2.Nf3 d6 3.d4 cxd4 4.Nxd4 Nf6 5.Nc3 Nc6 6.Bg5 e6 7.Qd2 Be7 8.O-O-O Nxd4 9.Qxd4 a6 10.f4 b5"
"Queen's Gambit Accepted, Classical Defense, Alekhine System, Except Main Line","D28","1.d4 d5 2.c4 dxc4 3.Nf3 Nf6 4.e3 e6 5.Bxc4 c5 6.O-O a6 7.Qe2 b5"
"Queen's Gambit Refused, Baltic Defense, Pseudo-Chigorin","D02","1.d4 d5 2.c4 Bf5 3.Nc3 e6 4.Nf3 Nc6"
"Russian Game, Urusov Gambit","C42","1.e4 e5 2.Nf3 Nf6 3.Bc4"
"Nimzo-Indian Defense, Leningrad Variation, Benoni Defense","E31","1.d4 Nf6 2.c4 e6 3.Nc3 Bb4 4.Bg5 h6 5.Bh4 c5 6.d5 d6"
"Neo-Gruenfeld Defense, Delayed Exchange Variation","D75","1.d4 Nf6 2.c4 g6 3.g3 d5 4.Bg2 Bg7 5.Nf3 O-O 6.cxd5 Nxd5 7.O-O c5 8.Nc3"
"Zukertort Opening, Lisitsyn Gambit Deferred","A04","1.Nf3 f5 2.d3 Nf6 3.e4"
"Sicilian Defense, O'Kelly Variation, Normal System, Taimanov Line","B28","1.e4 c5 2.Nf3 a6 3.d4 cxd4 4.Nxd4 e5"
"Zukertort Opening, Double Fianchetto Attack","A49","1.Nf3 Nf6 2.b3 g6 3.Bb2 Bg7 4.g3 O-O 5.Bg2 d6 6.O-O"
"Borg Defense, General","B00","1.e4 g5"
"Queen's Gambit Refused, Albin Countergambit, Modern Line","D08","1.d4 d5 2.c4 e5 3.dxe5 d4 4.Nf3 Nc6 5.Nbd2"
"King's Indian Defense, Fianchetto Variation, Delayed Fianchetto","E62","1.d4 Nf6 2.c4 g6 3.Nc3 Bg7 4.Nf3 d6 5.g3"
"Alekhine Defense, Four Pawns Attack, Fianchetto Variation","B03","1.e4 Nf6 2.e5 Nd5 3.d4 d6 4.c4 Nb6 5.f4 g6"
"Sicilian Defense, Richter-Rauzer Variation, Traditional Variation","B63","1.e4 c5 2.Nf3 d6 3.d4 cxd4 4.Nxd4 Nf6 5.Nc3 Nc6 6.Bg5 e6 7.Qd2"
"Reti Opening, Anglo-Slav Variation, Torre System","A12","1.Nf3 d5 2.c4 c6 3.b3 Nf6 4.g3 Bg4"
"Nimzo-Indian Defense, Normal Variation, Hübner Deferred","E50","1.d4 Nf6 2.c4 e6 3.Nc3 Bb4 4.e3 O-O 5.Nf3 c5"
"English Opening, Anglo-Lithuanian Variation","A10","1.c4 Nc6"
"Sicilian Defense, Lasker-Pelikan Variation, Exchange Variation","B33","1.e4 c5 2.Nf3 Nc6 3.d4 cxd4 4.Nxd4 Nf6 5.Nc3 e5 6.Nxc6"
"Queen's Gambit Declined, Modern, Knight Defense","D51","1.d4 d5 2.c4 e6 3.Nc3 Nf6 4.Bg5 Nbd7 5.e3"
"French Defense, Horwitz Attack","C00","1.e4 e6 2.b3"
"Benoni Defense, Four Pawns Attack","A68","1.d4 Nf6 2.c4 c5 3.d5 e6 4.Nc3 exd5 5.cxd5 d6 6.e4 g6 7.f4 Bg7 8.Nf3 O-O"
"Sicilian Defense, Najdorf Variation, Scheveningen Variation","B84","1.e4 c5 2.Nf3 d6 3.d4 cxd4 4.Nxd4 Nf6 5.Nc3 e6 6.Be2 a6 7.O-O Nbd7"
"Spanish Game, Morphy Defense, Breyer Defense, Quiet Variation","C94","1.e4 e5 2.Nf3 Nc6 3.Bb5 a6 4.Ba4 Nf6 5.O-O Be7 6.Re1 b5 7.Bb3 O-O 8.c3 d6 9.h3 Nb8 10.d3"
"Sicilian Defense, O'Kelly Variation, Venice System, Steiner Line","B28","1.e4 c5 2.Nf3 a6 3.c3 d6"
"King's Gambit, Falkbeer Countergambit, Nimzowitsch-Marshall Countergambit","C31","1.e4 e5 2.f4 d5 3.exd5 c6"
"Queen Pawn Game, Veresov Atack, Veresov Variation","D01","1.d4 d5 2.Nc3 Nf6 3.Bg5 Bf5 4.Bxf6"
"English Opening, The Whale","C20","1.e4 e5 2.c4"
"French Defense, MacCutcheon Variation, Wolf Gambit","C12","1.e4 e6 2.d4 d5 3.Nc3 Nf6 4.Bg5 Bb4 5.Ne2"
"Gruenfeld Defense, Russian Variation, Smyslov Variation","D98","1.d4 Nf6 2.c4 g6 3.Nc3 d5 4.Nf3 Bg7 5.Qb3 dxc4 6.Qxc4 O-O 7.e4 Bg4"
"Gruenfeld Defense, Flohr Variation","D90","1.d4 Nf6 2.c4 g6 3.Nc3 d5 4.Nf3 Bg7 5.Qa4+"
"Benko Gambit, Accepted, Yugoslav without 7...Bxf1","A59","1.d4 Nf6 2.c4 c5 3.d5 b5 4.cxb5 a6 5.bxa6 Bxa6 6.Nc3 d6 7.e4"
"Spanish Game, Open Variations, Dilworth Variation","C82","1.e4 e5 2.Nf3 Nc6 3.Bb5 a6 4.Ba4 Nf6 5.O-O Nxe4 6.d4 b5 7.Bb3 d5 8.dxe5 Be6 9.c3 Bc5 10.Nbd2 O-O 11.Bc2 Nxf2"
"Gruenfeld Defense, Three Knights Variation, Vienna Variation","D95","1.d4 Nf6 2.c4 g6 3.Nc3 d5 4.Nf3 Bg7 5.e3 O-O 6.Qb3"
"Gruenfeld Defense, Russian Variation, Szabo (Boleslavsky)","D97","1.d4 Nf6 2.c4 g6 3.Nc3 d5 4.Nf3 Bg7 5.Qb3 dxc4 6.Qxc4 O-O 7.e4 c6"
"Italian Game, Scotch Gambit, Janowski Defense","C55","1.e4 e5 2.Nf3 Nc6 3.Bc4 Nf6 4.d4 exd4 5.O-O d6"
"Caro-Kann Defense, Panov Attack","B13","1.e4 c6 2.d4 d5 3.exd5 cxd5 4.c4 Nf6 5.Nc3"
"Benoni Defense, Classical Variation, Czerniak Defense","A79","1.d4 Nf6 2.c4 c5 3.d5 e6 4.Nc3 exd5 5.cxd5 d6 6.e4 g6 7.Nf3 Bg7 8.Be2 O-O 9.O-O Re8 10.Nd2 Na6 11.f3"
"Caro-Kann Defense, Karpov Variation, Tiviakov-Fischer Attack","B17","1.e4 c6 2.d4 d5 3.Nc3 dxe4 4.Nxe4 Nd7 5.Bc4 Ngf6 6.Nxf6+ Nxf6"
"Tarrasch Defense, Swedish Variation","D33","1.d4 d5 2.c4 e6 3.Nc3 c5 4.cxd5 exd5 5.Nf3 Nc6 6.g3 c4"
"English Opening, Agincourt Defense, Bogoljubow Defense","A13","1.c4 e6 2.Nf3 d5 3.g3 Nf6 4.Bg2 Bd6"
"Dutch Defense, Classical Variation","A91","1.d4 f5 2.c4 Nf6 3.g3 e6 4.Bg2 Be7"
"Sicilian Defense, Closed Variation, Botvinnik Defense I","B25","1.e4 c5 2.Nc3 Nc6 3.g3 g6 4.Bg2 Bg7 5.d3 d6 6.f4 e5"
"Vienna Game, Stanley Variation, Modern Variation","C27","1.e4 e5 2.Nc3 Nf6 3.Bc4 Nxe4"
"Polish Opening, Bugayev Attack","A00","1.b4 e5 2.a3"
"Spanish Game, Closed Variations, Closed Defense","C96","1.e4 e5 2.Nf3 Nc6 3.Bb5 a6 4.Ba4 Nf6 5.O-O Be7 6.Re1 b5 7.Bb3 O-O 8.c3 d6 9.h3 Na5 10.Bc2"
"Spanish Game, Closed Variations, Yates Variation","C91","1.e4 e5 2.Nf3 Nc6 3.Bb5 a6 4.Ba4 Nf6 5.O-O Be7 6.Re1 b5 7.Bb3 O-O 8.c3 d6 9.d4"
"Four Knights Game, Italian Variation, Noa Gambit","C47","1.e4 e5 2.Nf3 Nc6 3.Nc3 Nf6 4.Bc4 Nxe4 5.Bxf7+"
"Gruenfeld Defense, Exchange Variation, Nadanian Attack","D85","1.d4 Nf6 2.c4 g6 3.Nc3 d5 4.cxd5 Nxd5 5.Na4"
"Russian Game, Stafford Gambit","C42","1.e4 e5 2.Nf3 Nf6 3.Nxe5 Nc6"
"Queen's Gambit Accepted, Normal Variation","D21","1.d4 d5 2.c4 dxc4 3.Nf3"
"Sicilian Defense, Dragon Variation, Yugoslav Attack, Czerniak Variation","B77","1.e4 c5 2.Nf3 d6 3.d4 cxd4 4.Nxd4 Nf6 5.Nc3 g6 6.Be3 Bg7 7.f3 O-O 8.Qd2 Nc6 9.Bc4 Nxd4 10.Bxd4 Be6"
"Queen's Gambit Accepted, Central Variation, Rubinstein Defense","D20","1.d4 d5 2.c4 dxc4 3.e4 c5"
"Bogo-Indian Defense, Retreat Variation","E11","1.d4 Nf6 2.c4 e6 3.Nf3 Bb4+ 4.Bd2 Be7"
"Gruenfeld Defense, Brinckmann Attack, Grünfeld Gambit, Accepted","D84","1.d4 Nf6 2.c4 g6 3.Nc3 d5 4.Bf4 Bg7 5.e3 O-O 6.cxd5 Nxd5 7.Nxd5 Qxd5 8.Bxc7"
"Sicilian Defense, Paulsen Variation, Taimanov Variation","B46","1.e4 c5 2.Nf3 e6 3.d4 cxd4 4.Nxd4 Nc6 5.Nc3 a6 6.Be2 Nge7"
"French Defense, Alekhine-Chatard Attack, Breyer Variation","C13","1.e4 e6 2.d4 d5 3.Nc3 Nf6 4.Bg5 Be7 5.e5 Nfd7 6.h4 c5"
"Sicilian Defense, Richter-Rauzer Variation, Dragon Variation","B60","1.e4 c5 2.Nf3 d6 3.d4 cxd4 4.Nxd4 Nf6 5.Nc3 Nc6 6.Bg5 g6"
"Spanish Game, Morphy Defense, Modern Steinitz Defense, Siesta Variation","C74","1.e4 e5 2.Nf3 Nc6 3.Bb5 a6 4.Ba4 d6 5.c3 f5"
"Spanish Game, Morphy Defense, Modern Steinitz Defense","C71","1.e4 e5 2.Nf3 Nc6 3.Bb5 a6 4.Ba4 d6 5.c4"
"English Opening, King's English Variation, Two Knights' Variation, Fianchetto Lines","A24","1.c4 e5 2.Nc3 Nf6 3.g3 g6"
"King's Indian Attack, Sicilian Variation","A07","1.Nf3 d5 2.g3 c5"
"Caro-Kann Defense, Advance Variation, Van der Wiel Attack, Dreyev Defense","B12","1.e4 c6 2.d4 d5 3.e5 Bf5 4.Nc3 Qb6"
"Queen's Indian Defense, Classical Variation, Tiviakov Defense","E17","1.d4 Nf6 2.c4 e6 3.Nf3 b6 4.g3 Bb7 5.Bg2 Be7 6.O-O O-O 7.Nc3 Na6"
"Indian Game, Czech-Indian","A46","1.d4 Nf6 2.Nf3 c6"
"Mikenas Defense, Lithuanian Variation","A40","1.d4 Nc6 2.c4 e5 3.d5 Nce7"
"Gruenfeld Defense, Exchange Variation, Spassky Variation","D89","1.d4 Nf6 2.c4 g6 3.Nc3 d5 4.cxd5 Nxd5 5.e4 Nxc3 6.bxc3 Bg7 7.Bc4 O-O 8.Ne2 c5 9.O-O Nc6 10.Be3 cxd4 11.cxd4 Bg4 12.f3 Na5 13.Bd3 Be6"
"Bishop's Opening, Boi Variation","C20","1.e4 e5 2.Bc4 Bc5"
"Spanish Game, Berlin Defense, Hedgehog Variation","C66","1.e4 e5 2.Nf3 Nc6 3.Bb5 Nf6 4.O-O d6 5.d4 Bd7 6.Nc3 Be7"
"English Opening, King's English Variation, Bremen-Hort Variation","A25","1.c4 e5 2.Nc3 Nc6 3.g3 g6 4.Bg2 Bg7 5.e3 d6 6.Nge2 Be6"
"Sicilian Defense, Snyder Variation, Queen Fianchetto Variation","B20","1.e4 c5 2.b3 b6"
"Sicilian Defense, Closed Variation, Botvinnik Defense II","B25","1.e4 c5 2.Nc3 Nc6 3.g3 g6 4.Bg2 Bg7 5.d3 d6 6.Nge2 e5"
"Vienna Game, Vienna Gambit","C25","1.e4 e5 2.Nc3 Nc6 3.f4"
"Sicilian Defense, Scheveningen Variation, Modern Variation","B83","1.e4 c5 2.Nf3 d6 3.d4 cxd4 4.Nxd4 Nf6 5.Nc3 e6 6.Be2 Nc6 7.O-O Be7 8.Be3 O-O 9.f4 Bd7 10.Nb3"
"Pirc Defense, Classical Variation","B07","1.e4 d6 2.d4 Nf6 3.Nc3 g6 4.Nf3"
"Semi-Slav Defense, Meran Variation, Blumenfeld Variation","D49","1.d4 d5 2.c4 e6 3.Nc3 Nf6 4.Nf3 c6 5.e3 Nbd7 6.Bd3 dxc4 7.Bxc4 b5 8.Bd3 a6 9.e4 c5 10.e5 cxd4 11.Nxb5"
"Benoni Defense, Fianchetto Variation, Hastings Defense","A63","1.d4 Nf6 2.c4 c5 3.d5 e6 4.Nc3 exd5 5.cxd5 d6 6.Nf3 g6 7.g3 Bg7 8.Bg2 O-O 9.O-O Nbd7"
"Spanish Game, Closed Variations, Morphy Attack","C78","1.e4 e5 2.Nf3 Nc6 3.Bb5 a6 4.Ba4 Nf6 5.O-O Be7 6.Nc3"
"Queen's Gambit Accepted, Classical Defense, Alekhine System","D28","1.d4 d5 2.c4 dxc4 3.Nf3 Nf6 4.e3 e6 5.Bxc4 c5 6.O-O a6 7.Qe2"
"French Defense, MacCutcheon Variation, Dr. Olland (Dutch) Variation","C12","1.e4 e6 2.d4 d5 3.Nc3 Nf6 4.Bg5 Bb4 5.e5 h6 6.Bc1"
"Gruenfeld Defense, Exchange Variation, Sokolsky Variation","D89","1.d4 Nf6 2.c4 g6 3.Nc3 d5 4.cxd5 Nxd5 5.e4 Nxc3 6.bxc3 Bg7 7.Bc4 O-O 8.Ne2 c5 9.O-O Nc6 10.Be3 cxd4 11.cxd4 Bg4 12.f3 Na5 13.Bd3 Be6 14.d5"
"Spanish Game, Morphy Defense, Modern Steinitz Defense","C74","1.e4 e5 2.Nf3 Nc6 3.Bb5 a6 4.Ba4 d6 5.c3 f5 6.exf5 Bxf5 7.O-O"
"Budapest Defense, Alekhine Variation","A52","1.d4 Nf6 2.c4 e5 3.dxe5 Ng4 4.e4"
"English Opening, Anglo-Indian Defense, Slav Formation","A15","1.c4 Nf6 2.Nf3 g6 3.g3 c6"
"Sicilian Defense, Venice Attack","B56","1.e4 c5 2.Nf3 d6 3.d4 cxd4 4.Nxd4 Nf6 5.Nc3 e5 6.Bb5+"
"Spanish Game, Berlin Defense, Rio de Janeiro Variation","C67","1.e4 e5 2.Nf3 Nc6 3.Bb5 Nf6 4.O-O Nxe4 5.d4 Be7"
"Blackmar-Diemer Gambit, Teichmann Variation","D00","1.d4 d5 2.e4 dxe4 3.Nc3 Nf6 4.f3 exf3 5.Nxf3 Bg4"
"Vienna Game, Stanley Variation, Reversed Spanish","C26","1.e4 e5 2.Nc3 Nf6 3.Bc4 Bb4"
"Polish Opening, Zukertort System","A04","1.b4 Nf6 2.Nf3"
"Grob Opening, Grob Gambit, Fritz Gambit","A00","1.g4 d5 2.Bg2 Bxg4 3.c4"
"Alekhine Defense, Four Pawns Attack, Trifunovic Variation","B03","1.e4 Nf6 2.e5 Nd5 3.d4 d6 4.c4 Nb6 5.f4 Bf5"
"Mieses Opening, Reversed Rat","A00","1.d3 e5"
"English Opening, Anglo-Indian Defense, Flohr-Mikenas-Carls Variation","A19","1.c4 Nf6 2.Nc3 e6 3.e4 c5"
"Spanish Game, Open Variations","C80","1.e4 e5 2.Nf3 Nc6 3.Bb5 a6 4.Ba4 Nf6 5.O-O Nxe4 6.d4 b5 7.Bb3"
"King Pawn Game, General","C20","1.e4 e5"
"Dutch Defense, Krejcik Gambit","A80","1.d4 f5 2.g4"
"Dutch Defense, Classical Variation, Ilyin-Zhenevsky Variation, Modern Main Line","A99","1.d4 f5 2.c4 Nf6 3.g3 e6 4.Bg2 Be7 5.Nf3 O-O 6.O-O d6 7.Nc3 Qe8 8.b3"
"Polish Opening, King's Indian Variation, Sokolsky Attack","A00","1.b4 Nf6 2.Bb2 g6 3.c4 Bg7 4.e3 d6 5.Nf3 O-O 6.d4"
"Nimzowitsch Defense, Lean Variation, Colorado Counter Accepted","B00","1.e4 Nc6 2.Nf3 f5 3.exf5"
"Indian Game, Colle System, King's Indian Variation","A48","1.d4 Nf6 2.Nf3 g6 3.e3 Bg7 4.Bd3 d6"
"Scotch Game, Scotch Gambit, Saratt Variation","C44","1.e4 e5 2.Nf3 Nc6 3.d4 exd4 4.Bc4 Bc5 5.Ng5"
"Gruenfeld Defense, Botvinnik Variation","D95","1.d4 Nf6 2.c4 g6 3.Nc3 d5 4.Nf3 Bg7 5.e3 O-O 6.Qb3 e6"
"Italian Game, Evans Gambit, Tartakower Attack","C52","1.e4 e5 2.Nf3 Nc6 3.Bc4 Bc5 4.b4 Bxb4 5.c3 Ba5 6.d4 d6 7.Qb3"
"King Pawn Game, Tayler Opening","C44","1.e4 e5 2.Nf3 Nc6 3.Be2"
"Queen's Gambit Accepted, Alekhine Defense, Haberditz Variation","D22","1.d4 d5 2.c4 dxc4 3.Nf3 a6 4.e3 b5"
"Italian Game, Evans Gambit, Anderssen Variation","C51","1.e4 e5 2.Nf3 Nc6 3.Bc4 Bc5 4.b4 Bxb4 5.c3 Be7"
"Center Game, Accepted","C21","1.e4 e5 2.d4 exd4"
"Dutch Defense, Classical Variation, Stonewall Variation","A94","1.d4 f5 2.c4 Nf6 3.g3 e6 4.Bg2 Be7 5.Nf3 O-O 6.O-O d5 7.b3 c6 8.Ba3"
"Spanish Game, Closed Variations, Breyer Defense","C95","1.e4 e5 2.Nf3 Nc6 3.Bb5 a6 4.Ba4 Nf6 5.O-O Be7 6.Re1 b5 7.Bb3 O-O 8.c3 d6 9.h3 Nb8 10.d4 Nbd7 11.Nbd2 Bb7 12.Bc2 c5"
"Sicilian Defense, Smith-Morra Gambit, Accepted, Kan Formation","B21","1.e4 c5 2.d4 cxd4 3.c3 dxc3 4.Nxc3 e6 5.Nf3 a6"
"Nimzowitsch Defense, Scandinavian Variation, Bogoljubow Variation, Vehre Variation","B00","1.e4 Nc6 2.d4 d5 3.Nc3 Nf6"
"Sicilian Defense, Lasker-Pelikan Variation, Sveshnikov Variation, Peresypkin's Sacrifice","B33","1.e4 c5 2.Nf3 Nc6 3.d4 cxd4 4.Nxd4 Nf6 5.Nc3 e5 6.Ndb5 d6 7.Bg5 a6 8.Na3 b5 9.Bxf6 gxf6 10.Nd5 f5 11.Bxb5"
"Spanish Game, Classical Variation, Cordel Gambit","C64","1.e4 e5 2.Nf3 Nc6 3.Bb5 Bc5 4.c3 f5"
"Spanish Game, Morphy Defense","C78","1.e4 e5 2.Nf3 Nc6 3.Bb5 a6 4.Ba4 Nf6 5.O-O b5 6.Bb3 d6"
"Nimzo-Indian Defense, Classical Variation, Berlin Variation, Macieja System","E39","1.d4 Nf6 2.c4 e6 3.Nc3 Bb4 4.Qc2 c5 5.dxc5 O-O 6.a3 Bxc5 7.Nf3 b6 8.Bf4"
"Scotch Game, Romanishin Variation","C45","1.e4 e5 2.Nf3 Nc6 3.d4 exd4 4.Nxd4 Bc5 5.Nb3 Bb4+"
"Rubinstein Opening, Classical Defense","D05","1.d4 d5 2.Nf3 Nf6 3.e3 e6 4.Bd3 c5 5.b3 Nc6 6.Bb2 Be7 7.O-O O-O"
"Sicilian Defense, Nimzo-American Variation","B32","1.e4 c5 2.Nf3 Nc6 3.d4 cxd4 4.Nxd4 d5"
"Queen's Gambit Accepted, Deferred","D25","1.d4 d5 2.Nf3 Nf6 3.c4 dxc4"
"Queen's Gambit Accepted, Smyslov Variation","D25","1.d4 d5 2.c4 dxc4 3.Nf3 Nf6 4.e3 g6"
"Queen Pawn Game, Veresov Attack, Two Knights System, Gruenfeld Defense","D01","1.d4 d5 2.Nc3 Nf6 3.Bg5 Nbd7 4.Nf3 g6"
"Nimzo-Indian Defense, Normal Variation, Taimanov Variation","E40","1.d4 Nf6 2.c4 e6 3.Nc3 Bb4 4.e3 Nc6"
"Sicilian Defense, Nimzowitsch Variation, General","B29","1.e4 c5 2.Nf3 Nf6"
"Italian Game, Two Knights Defense, Fried Liver Attack","C57","1.e4 e5 2.Nf3 Nc6 3.Bc4 Nf6 4.Ng5 d5 5.exd5 Nxd5 6.Nxf7"
"Queen's Indian Defense, Euwe Variation","E17","1.d4 Nf6 2.c4 e6 3.Nf3 b6 4.g3 Bb7 5.Bg2 Be7 6.O-O O-O 7.b3"
"Nimzowitsch Defense, French Connection","B00","1.e4 Nc6 2.Nc3 e6"
"Reti Opening, Reversed Blumenfeld Gambit","A09","1.Nf3 d5 2.c4 d4 3.e3 c5 4.b4"
"Scotch Game, Göring Gambit, Double Pawn Sacrifice","C44","1.e4 e5 2.Nf3 Nc6 3.d4 exd4 4.c3 dxc3 5.Bc4"
"Sicilian Defense, Delayed Alapin, Basman-Palatnik Double Gambit","B50","1.e4 c5 2.Nf3 d6 3.c3 Nf6 4.Be2 Nc6 5.d4 cxd4 6.cxd4 Nxe4 7.d5 Qa5+ 8.Nc3 Nxc3 9.bxc3"
"Sicilian Defense, Dragon Variation, Classical Variation","B72","1.e4 c5 2.Nf3 d6 3.d4 cxd4 4.Nxd4 Nf6 5.Nc3 g6 6.Be2 Bg7 7.Be3 Nc6 8.Nb3"
"Bishop's Opening, Boden-Kieseritsky Gambit","C27","1.e4 e5 2.Nc3 Nf6 3.Bc4 Nxe4 4.Nf3"
"Spanish Game, Cozio Defense, Paulsen Variation","C60","1.e4 e5 2.Nf3 Nc6 3.Bb5 Nge7 4.Nc3 g6"
"Nimzowitsch Defense, Franco-Nimzowitsch Variation","B00","1.e4 Nc6 2.Nf3 e6"
"French Defense, Winawer Variation, Fingerslip Variation","C15","1.e4 e6 2.d4 d5 3.Nc3 Bb4 4.Bd2"
"Four Knights Game, Scotch Variation, Krause Gambit","C47","1.e4 e5 2.Nf3 Nc6 3.Nc3 Nf6 4.d4 Bb4 5.Nxe5"
"Semi-Slav Defense, Botvinnik System, Ekstrom Variation","D44","1.d4 d5 2.c4 e6 3.Nc3 Nf6 4.Nf3 c6 5.Bg5 dxc4 6.e4 b5 7.e5 h6 8.Bh4 g5 9.exf6 gxh4 10.Ne5"
"Spanish Game, Schliemann Defense, Exchange Variation","C63","1.e4 e5 2.Nf3 Nc6 3.Bb5 f5 4.Bxc6"
"Slav Defense, Exchange Variation, Schallopp Variation","D12","1.d4 d5 2.c4 c6 3.Nf3 Nf6 4.e3 Bf5 5.cxd5 cxd5 6.Nc3"
"Scotch Game, Tartakower Variation","C45","1.e4 e5 2.Nf3 Nc6 3.d4 exd4 4.Nxd4 Nf6 5.Nxc6 bxc6 6.Nd2"
"King's Gambit, Falkbeer Countergambit, Modern Transfer","C32","1.e4 e5 2.f4 d5 3.exd5 exf4"
"King's Indian Defense, Normal Variation, Deferred Fianchetto","E72","1.d4 Nf6 2.c4 g6 3.Nc3 Bg7 4.e4 d6 5.g3"
"English Opening, King's English Variation, Nimzowitsch Variation, General","A20","1.c4 e5 2.Nf3"
"Spanish Game, Closed Variations, Borisenko  Variation","C96","1.e4 e5 2.Nf3 Nc6 3.Bb5 a6 4.Ba4 Nf6 5.O-O Be7 6.Re1 b5 7.Bb3 O-O 8.c3 d6 9.h3 Na5 10.Bc2 c5 11.d4 Nc6"
"Grob Opening, Grob Gambit, Declined","A00","1.g4 d5 2.Bg2 c6"
"Budapest Defense, Alekhine Variation, Abonyi Variation","A52","1.d4 Nf6 2.c4 e5 3.dxe5 Ng4 4.e4 Nxe5 5.f4 Nec6"
"Dutch Defense, Staunton Gambit, Chigorin Variation","A83","1.d4 f5 2.e4 fxe4 3.Nc3 Nf6 4.Bg5 c6"
"Ponziani Opening, Steinitz Variation","C44","1.e4 e5 2.Nf3 Nc6 3.c3 d5 4.Qa4 f6"
"Spanish Game, Morphy Defense, Graz Variation","C70","1.e4 e5 2.Nf3 Nc6 3.Bb5 a6 4.Ba4 b5 5.Bb3 Bc5"
"Englund Gambit Complex, Hartlaub-Charlick Gambit","A40","1.d4 e5 2.dxe5 d6"
"Reti Opening, Anglo-Slav Variation, Bled Variation","A12","1.Nf3 d5 2.c4 c6 3.b3 Nf6 4.Bb2 g6"
"English Opening, Anglo-Indian Defense, Scandinavian Defense","A15","1.c4 Nf6 2.Nf3 d5"
"Sicilian Defense, Marshall Gambit","B23","1.e4 c5 2.Nc3 e6 3.d4 d5"
"Sicilian Defense, Canal Attack, Moscow Gambit","B51","1.e4 c5 2.Nf3 d6 3.Bb5+ Nc6 4.O-O Bd7 5.c3 a6 6.Bxc6 Bxc6 7.Re1 Nf6 8.d4 Bxe4 9.Bg5"
"Alekhine Defense, Brooklyn Variation","B02","1.e4 Nf6 2.e5 Ng8"
"Caro-Kann Defense, Maroczy Variation, Maroczy Gambit","B12","1.e4 c6 2.d4 d5 3.f3 dxe4 4.fxe4 e5 5.Nf3 exd4 6.Bc4"
"Spanish Game, Closed Variations, Closed Defense","C90","1.e4 e5 2.Nf3 Nc6 3.Bb5 a6 4.Ba4 Nf6 5.O-O Be7 6.Re1 b5 7.Bb3 O-O 8.c3 d6"
"King's Indian Defense, Orthodox Variation, Positional Defense, Main Line","E96","1.d4 Nf6 2.c4 g6 3.Nc3 Bg7 4.e4 d6 5.Nf3 O-O 6.Be2 e5 7.O-O Nbd7 8.Re1 c6 9.Bf1 a5"
"Queen's Gambit Declined, Lasker Defense, Main Line","D57","1.d4 d5 2.c4 e6 3.Nc3 Nf6 4.Bg5 Be7 5.e3 O-O 6.Nf3 h6 7.Bh4 Ne4 8.Bxe7 Qxe7 9.cxd5 Nxc3 10.bxc3"
"Queen's Indian Defense, Kasparov-Petrosian Variation, Romanishin Attack","E12","1.d4 Nf6 2.c4 e6 3.Nf3 b6 4.Nc3 Bb7 5.a3 d5 6.cxd5 Nxd5 7.Bd2"
"Queen's Gambit Refused, Albin Countergambit, Fianchetto Variation, Be6 Line","D09","1.d4 d5 2.c4 e5 3.dxe5 d4 4.Nf3 Nc6 5.g3 Be6"
"King's Gambit, Declined, Queen's Knight Defense","C30","1.e4 e5 2.f4 Nc6"
"King's Gambit, Accepted, Bonsch-Osmolovsky Variation","C34","1.e4 e5 2.f4 exf4 3.Nf3 Ne7"
"Tarrasch Defense, Classical Variation, Endgame Variation","D34","1.d4 d5 2.c4 e6 3.Nc3 c5 4.cxd5 exd5 5.Nf3 Nc6 6.g3 Nf6 7.Bg2 Be7 8.O-O O-O 9.Bg5 Be6"
"Queen Pawn Game, Anglo-Slav Opening","A41","1.d4 c6 2.c4 d6"
"Pterodactyl Defense, Eastern, Pterodactyl","B06","1.e4 g6 2.d4 Bg7 3.Nc3 c5 4.dxc5 Qa5"
"Neo-Gruenfeld Defense, Classical Variation","D77","1.d4 Nf6 2.c4 g6 3.g3 d5 4.Bg2 Bg7 5.Nf3 O-O 6.O-O"
"Semi-Slav Defense, Romih Variation","D46","1.d4 d5 2.c4 e6 3.Nc3 Nf6 4.Nf3 c6 5.e3 Nbd7 6.Bd3 Bb4"
"Queen's Gambit Refused, Chigorin Defense, Lazard Gambit","D06","1.d4 d5 2.c4 Nc6 3.Nf3 e5"
"Benoni Defense, Classical Variation, Traditional Variation","A72","1.d4 Nf6 2.c4 c5 3.d5 e6 4.Nc3 exd5 5.cxd5 d6 6.e4 g6 7.Nf3 Bg7 8.Be2"
"Sicilian Defense, Alapin Variation, Stoltz Attack, Ivanchuk Line","B22","1.e4 c5 2.c3 Nf6 3.e5 Nd5 4.Nf3 Nc6 5.Bc4 Nb6 6.Bb3 c4 7.Bc2 Qc7 8.Qe2 g5"
"Italian Game, Classical Variation, De la Bourdonnais Variation","C53","1.e4 e5 2.Nf3 Nc6 3.Bc4 Bc5 4.c3 d6 5.d4 exd4 6.cxd4 Bb6"
"Sicilian Defense, Smith-Morra Gambit, Declined, Dubois Variation","B21","1.e4 c5 2.d4 cxd4 3.c3 d3 4.c4"
"Dutch Defense, Blackburne Variation","A81","1.d4 f5 2.g3 Nf6 3.Bg2 e6 4.Nh3"
"Lion Defense, Bayonet Attack","B07","1.e4 d6 2.d4 Nf6 3.Nc3 Nbd7 4.g4"
"Alekhine Defense, Hunt Variation, Lasker Simul Gambit","B02","1.e4 Nf6 2.e5 Nd5 3.c4 Nb6 4.c5 Nd5 5.Nc3 e6 6.Bc4"
"French Defense, Advance Variation, Nimzowitsch Attack","C02","1.e4 e6 2.d4 d5 3.e5 c5 4.Qg4"
"Queen's Gambit Accepted, Classical Defense, Steinitz Variation, Exchange Variation","D26","1.d4 d5 2.c4 dxc4 3.Nf3 Nf6 4.e3 e6 5.Bxc4 c5 6.O-O cxd4"
"Polish Opening, Schiffler-Sokolsky Variation","A00","1.b4 Nf6 2.Bb2 d5 3.e3 e6 4.b5"
"Polish Opening, King's Indian Variation","A00","1.b4 Nf6 2.Bb2 g6"
"French Defense, Tarrasch Variation, Leningrad Variation","C06","1.e4 e6 2.d4 d5 3.Nd2 Nf6 4.e5 Nfd7 5.Bd3 c5 6.c3 Nc6 7.Ne2 cxd4 8.cxd4 Nb6"
"French Defense, Classical Variation, Richter Attack","C13","1.e4 e6 2.d4 d5 3.Nc3 Nf6 4.Bg5 Be7 5.Bxf6"
"Scandinavian Defense, Modern Variation","B01","1.e4 d5 2.exd5 Nf6 3.d4"
"French Defense, Classical Variation","C11","1.e4 e6 2.d4 d5 3.Nc3 Nf6"
"English Opening, Anglo-Indian Defense, Romanishin Variation","A11","1.c4 Nf6 2.Nf3 e6 3.g3 a6"
"Queen Pawn Game, Levitsky Attack, Euwe Variation, Modern Line","D00","1.d4 d5 2.Bg5 h6 3.Bh4 c6 4.Nf3 Qb6"
"Old Indian Defense, Janowski Variation, Main Line","A53","1.d4 Nf6 2.c4 d6 3.Nc3 Bf5 4.f3"
"Semi-Slav Defense, Stoltz Variation, Center Variation","D45","1.d4 d5 2.c4 e6 3.Nc3 Nf6 4.Nf3 c6 5.e3 Nbd7 6.Qc2 Bd6 7.e4"
"Nimzo-Indian Defense, Saemisch Variation, Capablanca Variation","E29","1.d4 Nf6 2.c4 e6 3.Nc3 Bb4 4.a3 Bxc3+ 5.bxc3 O-O 6.e3 c5 7.Bd3 Nc6 8.Ne2 b6 9.e4 Ne8"
"Sicilian Defense, Dragon Variation, Classical Variation, Maroczy Line","B74","1.e4 c5 2.Nf3 d6 3.d4 cxd4 4.Nxd4 Nf6 5.Nc3 g6 6.Be2 Bg7 7.Be3 Nc6 8.O-O O-O 9.Nb3 Be6 10.f4 Na5"
"Queen's Gambit Refused, Albin Countergambit, Fianchetto Variation, Bg4 Line","D09","1.d4 d5 2.c4 e5 3.dxe5 d4 4.Nf3 Nc6 5.g3 Bg4"
"Sicilian Defense, Modern Variations, Anti-Qxd4 Move Order, Accepted","B50","1.e4 c5 2.Nf3 d6 3.d4 Nf6 4.dxc5 Nxe4"
"Dutch Defense, Alekhine Variation","A92","1.d4 f5 2.c4 Nf6 3.g3 e6 4.Bg2 Be7 5.Nf3 O-O 6.O-O Ne4"
"King's Gambit, Accepted, Cunningham Defense","C35","1.e4 e5 2.f4 exf4 3.Nf3 Be7"
"Benoni Defense, Classical Variation, Czerniak Defense","A78","1.d4 Nf6 2.c4 c5 3.d5 e6 4.Nc3 exd5 5.cxd5 d6 6.e4 g6 7.Nf3 Bg7 8.Be2 O-O 9.O-O Re8 10.Nd2 Na6"
"Italian Game, Scotch Gambit, De Riviere Defense","C55","1.e4 e5 2.Nf3 Nc6 3.Bc4 Nf6 4.d4 exd4 5.O-O Be7"
"Englund Gambit Complex, General","A40","1.d4 e5"
"Nimzo-Indian Defense, Romanishin Variation","E20","1.d4 Nf6 2.c4 e6 3.Nc3 Bb4 4.Nf3 c5 5.g3 O-O 6.Bg2"
"Pterodactyl Defense, Miscellany, Queen Pterodactyl, Quiet","A40","1.d4 g6 2.c4 Bg7 3.Nc3 c5 4.e3"
"Benoni Defense, Vulture Defense","A56","1.d4 c5 2.d5 Nf6 3.c4 Ne4"
"Modern Defense, Modern Pterodactyl","B06","1.e4 g6 2.d4 Bg7 3.Nc3 c5"
"Queen's Gambit Declined, Orthodox Defense, Rubinstein Variation, Flohr Line","D62","1.d4 d5 2.c4 e6 3.Nc3 Nf6 4.Bg5 Be7 5.e3 O-O 6.Nf3 Nbd7 7.Qc2 c5 8.cxd5"
"Sicilian Defense, Wing Gambit, Deferred Variation","B50","1.e4 c5 2.Nf3 d6 3.b4"
"Queen's Gambit Declined, Semi-Tarrasch Defense, Pillsbury Variation","D40","1.d4 d5 2.c4 e6 3.Nc3 Nf6 4.Nf3 c5 5.Bg5"
"Van Geet Opening, Sicilian Two Knights","A00","1.Nc3 c5 2.Nf3 Nc6 3.d4 cxd4 4.Nxd4"
"Sicilian Defense, Smith-Morra Gambit, Accepted, Pin Defense","B21","1.e4 c5 2.d4 cxd4 3.c3 dxc3 4.Nxc3 Nc6 5.Nf3 e6 6.Bc4 Bb4"
"Queen's Gambit Refused, Chigorin Defense, Exchange Variation, Costa's Line","D07","1.d4 d5 2.c4 Nc6 3.cxd5 Qxd5 4.e3 e5 5.Nc3 Bb4 6.Bd2 Bxc3 7.Bxc3 exd4 8.Ne2"
"King's Indian Defense, Fianchetto Variation, Pterodactyl Variation","E64","1.d4 Nf6 2.c4 g6 3.Nf3 Bg7 4.g3 c5 5.Bg2 Qa5+"
"French Defense, MacCutcheon Variation, Chigorin Variation","C12","1.e4 e6 2.d4 d5 3.Nc3 Nf6 4.Bg5 Bb4 5.e5 h6 6.exf6"
"Philidor Defense, Hanham Variation, Krause Variation","C41","1.e4 e5 2.Nf3 d6 3.d4 Nd7 4.Bc4 c6 5.O-O"
"Semi-Slav Defense, Main Lines","D46","1.d4 d5 2.c4 e6 3.Nc3 Nf6 4.Nf3 c6 5.e3 Nbd7 6.Bd3"
"Spanish Game, Closed Variations, Keres Defense","C92","1.e4 e5 2.Nf3 Nc6 3.Bb5 a6 4.Ba4 Nf6 5.O-O Be7 6.Re1 b5 7.Bb3 O-O 8.c3 d6 9.h3 a5"
"Dutch Defense, Classical Variation, Stonewall Variation, Botvinnik Variation","A93","1.d4 f5 2.c4 Nf6 3.g3 e6 4.Bg2 Be7 5.Nf3 O-O 6.O-O d5 7.b3"
"Reti Opening, Advance Variation, Michel Gambit","A09","1.Nf3 d5 2.c4 d4 3.b4 c5"
"Nimzowitsch Defense, Kennedy Variation, Paulsen Attack","B00","1.e4 Nc6 2.d4 e5 3.dxe5 Nxe5 4.Nf3"
"Sicilian Defense, Morphy Gambit","B21","1.e4 c5 2.d4 cxd4 3.Nf3"
"Scotch Game, Schmid Gambit","C44","1.e4 e5 2.Nf3 Nc6 3.d4 exd4 4.Nxd4 Nf6 5.Nc3 Nxe4"
"Russian Game, Karklins-Martinovsky Variation","C42","1.e4 e5 2.Nf3 Nf6 3.Nxe5 d6 4.Nd3"
"Slav Defense, Suchting Variation","D15","1.d4 d5 2.c4 c6 3.Nf3 Nf6 4.Nc3 Qb6"
"Dutch Defense, Stonewall Variation, General Variation","A92","1.d4 f5 2.c4 Nf6 3.g3 e6 4.Bg2 Be7 5.Nf3 O-O 6.O-O d5"
"Dutch Defense, Classical Variation, Ilyin-Zhenevsky Variation, Alatortsev-Lisitsyn Line","A98","1.d4 f5 2.c4 Nf6 3.g3 e6 4.Bg2 Be7 5.Nf3 O-O 6.O-O d6 7.Nc3 Qe8 8.Qc2"
"French Defense, Reti-Spielmann Attack","C00","1.e4 e6 2.g3"
"Grob Opening, Keene Defense","A00","1.g4 d5 2.h3 e5 3.Bg2 c6"
"Queen's Gambit Declined, Harrwitz Attack, Main Line, New Main Line","D37","1.d4 d5 2.c4 e6 3.Nc3 Nf6 4.Nf3 Be7 5.Bf4 O-O 6.e3 c5 7.dxc5 Bxc5 8.Qc2 Nc6 9.a3 Qa5 10.O-O-O"
"Nimzo-Indian Defense, Ragozin Defense","E46","1.d4 Nf6 2.c4 e6 3.Nc3 Bb4 4.e3 Nc6 5.Nf3 O-O 6.Bd3 d5 7.O-O"
"Gruenfeld Defense, Russian Variation, With e4","D97","1.d4 Nf6 2.c4 g6 3.Nc3 d5 4.Nf3 Bg7 5.Qb3 dxc4 6.Qxc4 O-O 7.e4"
"Latvian Gambit, Accepted, Bilguer Variation","C40","1.e4 e5 2.Nf3 f5 3.Nxe5 Qf6 4.d4 d6 5.Nc4"
"Benoni Defense, Weenink Variation","A56","1.d4 Nf6 2.c4 c5 3.dxc5 e6"
"Philidor Defense, Lion Variation, Lion's Claw II","C41","1.e4 e5 2.Nf3 d6 3.d4 Nd7 4.Nc3 Ngf6 5.Bc4 Be7 6.O-O h6"
"King's Gambit, Falkbeer Countergambit, Charousek Gambit, Accepted","C32","1.e4 e5 2.f4 d5 3.exd5 e4 4.d3 Nf6 5.dxe4"
"Spanish Game, Closed Variations, Trajkovic Counterattack","C88","1.e4 e5 2.Nf3 Nc6 3.Bb5 a6 4.Ba4 Nf6 5.O-O Be7 6.Re1 b5 7.Bb3 Bb7"
"Caro-Kann Defense, Gurgenidze Counterattack","B15","1.e4 c6 2.d4 d5 3.Nc3 b5"
"Philidor Defense, Hanham Variation, Schlechter Variation","C41","1.e4 e5 2.Nf3 d6 3.d4 Nd7 4.Bc4 c6 5.Nc3"
"Italian Game, Schilling-Kostic Gambit","C50","1.e4 e5 2.Nf3 Nc6 3.Bc4 Nd4"
"Sicilian Defense, Wing Gambit, Carlsbad Variation","B20","1.e4 c5 2.b4 cxb4 3.a3 bxa3"
"Queen's Gambit Accepted, Gunsberg Defense, Prianishenmo Gambit","D24","1.d4 d5 2.c4 dxc4 3.Nc3 c5 4.d5 Nf6 5.Nf3 e6 6.e4 exd5 7.e5"
"Sicilian Defense, Dragon Variation, Yugoslav Attack","B77","1.e4 c5 2.Nf3 d6 3.d4 cxd4 4.Nxd4 Nf6 5.Nc3 g6 6.Be3 Bg7 7.f3 O-O 8.Qd2 Nc6"
"Tarrasch Defense, Classical Variation, Classical Tarrasch Gambit","D34","1.d4 d5 2.c4 e6 3.Nc3 c5 4.cxd5 exd5 5.Nf3 Nc6 6.g3 Nf6 7.Bg2 Be7 8.O-O O-O 9.dxc5 d4"
"Scandinavian Defense, Blackburne Gambit","B01","1.e4 d5 2.exd5 c6 3.dxc6 Nxc6"
"Zukertort Opening, Santasiere's Folly","A06","1.Nf3 d5 2.b4"
"Scotch Game, Classical Variation, Millennium Variation","C45","1.e4 e5 2.Nf3 Nc6 3.d4 exd4 4.Nxd4 Bc5 5.Be3 Qf6 6.c3 Qg6"
"English Defense, Perrin Variation","A40","1.c4 e6 2.d4 b6 3.e4 Bb7 4.Bd3 Nc6"
"Nimzowitsch Defense, Scandinavian Variation, Bogoljubow Variation, Nimzowitsch Gambit","B00","1.e4 Nc6 2.d4 d5 3.Nc3 dxe4 4.d5 Ne5"
"English Opening, Drill Variation","A20","1.c4 e5 2.g3 h5"
"Modern Defense, Semi-Averbakh Variation, Pterodactyl Variation","B06","1.e4 g6 2.d4 Bg7 3.c4 c5 4.Nf3 Qa5+"
"Caro-Kann Defense, Euwe Attack","B10","1.e4 c6 2.b3"
"Sicilian Defense, O'Kelly Variation, Venice System, Barcza Line","B28","1.e4 c5 2.Nf3 a6 3.c3 Nf6"
"King's Gambit, Accepted, Bishop's Gambit, Bogoljubow Defense","C33","1.e4 e5 2.f4 exf4 3.Bc4 Nf6 4.Nc3 c6"
"Caro-Kann Defense, Classical Variation, Maroczy Attack","B18","1.e4 c6 2.d4 d5 3.Nc3 dxe4 4.Nxe4 Bf5 5.Ng3 Bg6 6.f4"
"Pirc Defense, Austrian Attack, Unzicker Attack, Bronstein Variation","B09","1.e4 d6 2.d4 Nf6 3.Nc3 g6 4.f4 Bg7 5.Nf3 O-O 6.e5 Nfd7 7.h4"
"Spanish Game, Exchange Variation, Lutikov Variation","C68","1.e4 e5 2.Nf3 Nc6 3.Bb5 a6 4.Bxc6 bxc6"
"Ware Opening, General","A00","1.a4"
"Nimzo-Indian Defense, Normal Variation, Saemisch Deferred","E51","1.d4 Nf6 2.c4 e6 3.Nc3 Bb4 4.e3 O-O 5.Nf3 d5 6.a3"
"French Defense, Classical Variation, Rubinstein Variation","C14","1.e4 e6 2.d4 d5 3.Nc3 Nf6 4.Bg5 Be7 5.e5 Nfd7 6.Bxe7 Qxe7 7.Qd2"
"King's Indian Defense, Fianchetto Variation, Hungarian Variation","E64","1.d4 Nf6 2.c4 g6 3.Nf3 Bg7 4.g3 d6 5.Bg2 O-O 6.O-O Nbd7 7.Nc3 a6"
"Reti Opening, Anglo-Slav Variation, Bogoljubow Variation","A12","1.Nf3 d5 2.c4 c6 3.b3 Nf6 4.Bb2"
"Nimzo-Larsen Attack, Dutch Variation","A01","1.b3 f5"
"Gruenfeld Defense, Exchange Variation, Seville Variation","D87","1.d4 Nf6 2.c4 g6 3.Nc3 d5 4.cxd5 Nxd5 5.e4 Nxc3 6.bxc3 Bg7 7.Bc4 O-O 8.Ne2 c5 9.O-O Nc6 10.Be3 Bg4 11.f3 Na5 12.Bxf7+"
"Scotch Game, Horwitz Attack","C45","1.e4 e5 2.Nf3 Nc6 3.d4 exd4 4.Nxd4 Qh4 5.Nb5"
"Italian Game, Two Knights Defense, Polerio Defense, Kieseritsky Variation","C58","1.e4 e5 2.Nf3 Nc6 3.Bc4 Nf6 4.Ng5 d5 5.exd5 Na5 6.d3"
"London System, Poisoned Pawn Variation","D02","1.d4 d5 2.Nf3 Nf6 3.Bf4 c5 4.e3 Qb6 5.Nc3"
"Polish Opening, Baltic Defense","A00","1.b4 d5 2.Bb2 Bf5"
"Gruenfeld Defense, Exchange Variation, Modern Exchange Variation, Pawn Grab line","D85","1.d4 Nf6 2.c4 g6 3.Nc3 d5 4.cxd5 Nxd5 5.e4 Nxc3 6.bxc3 Bg7 7.Nf3 c5 8.Rb1 O-O 9.Be2 Nc6 10.d5 Bxc3+"
"Italian Game, Evans Gambit, Pierce Defense","C52","1.e4 e5 2.Nf3 Nc6 3.Bc4 Bc5 4.b4 Bxb4 5.c3 Ba5 6.d4 exd4"
"Queen's Gambit Declined, Tarrasch Defense, Pseudo-Tarrasch, Bishop Attack","D30","1.d4 d5 2.c4 e6 3.Nf3 c5 4.cxd5 exd5 5.Bg5"
"Pterodactyl Defense, Eastern, Anhanguera","B06","1.e4 g6 2.d4 Bg7 3.Nc3 c5 4.Be3"
"French Defense, Winawer Variation, Alekhine Gambit, Accepted","C15","1.e4 e6 2.d4 d5 3.Nc3 Bb4 4.Ne2 dxe4 5.a3 Bxc3+"
"King's Indian Defense, Fianchetto Variation, Panno Variation, Donner Line","E63","1.d4 Nf6 2.c4 g6 3.Nc3 Bg7 4.Nf3 d6 5.g3 O-O 6.Bg2 Nc6 7.O-O a6 8.d5 Na5 9.Nd2 c5 10.Qc2 Rb8 11.b3 b5 12.Bb2 bxc4 13.bxc4 Bh6"
"Russian Game, Cochrane Gambit, Center Variation","C42","1.e4 e5 2.Nf3 Nf6 3.Nxe5 d6 4.Nxf7 Kxf7 5.d4"
"Italian Game, Scotch Gambit, Walbrodt-Baird Gambit","C55","1.e4 e5 2.Nf3 Nc6 3.Bc4 Nf6 4.d4 exd4 5.O-O Bc5 6.c3"
"Hungarian Opening, Catalan Formation","A00","1.g3 d5 2.Bg2 e6"
"Spanish Game, Open Variations, Riga Variation","C80","1.e4 e5 2.Nf3 Nc6 3.Bb5 a6 4.Ba4 Nf6 5.O-O Nxe4 6.d4 exd4"
"Queen's Gambit Declined, Orthodox Defense, Alekhine Variation","D67","1.d4 d5 2.c4 e6 3.Nc3 Nf6 4.Bg5 Be7 5.e3 O-O 6.Nf3 Nbd7 7.Rc1 c6 8.Bd3 dxc4 9.Bxc4 Nd5 10.Bxe7 Qxe7 11.Ne4"
"French Defense, Alapin Gambit","C00","1.e4 e6 2.d4 d5 3.Be3"
"English Opening, Anglo-Indian Defense, Zviagintsev-Krasenkov Attack","A18","1.c4 Nf6 2.Nc3 e6 3.Nf3 Bb4 4.g4"
"Queen's Indian Defense, Kasparov-Petrosian Variation","E17","1.d4 Nf6 2.c4 e6 3.Nf3 b6 4.Nc3 Bb7 5.a3"
"Queen's Gambit Declined, Orthodox Defense, Main Line","D67","1.d4 d5 2.c4 e6 3.Nc3 Nf6 4.Bg5 Be7 5.e3 O-O 6.Nf3 Nbd7 7.Rc1 c6 8.Bd3 dxc4 9.Bxc4 Nd5 10.Bxe7 Qxe7 11.O-O"
"French Defense, Classical Variation, Alapin Variation","C14","1.e4 e6 2.d4 d5 3.Nc3 Nf6 4.Bg5 Be7 5.e5 Nfd7 6.Bxe7 Qxe7 7.Nb5"
"Semi-Slav Defense, Semi-Meran Variation","D47","1.d4 d5 2.c4 e6 3.Nc3 Nf6 4.Nf3 c6 5.e3 Nbd7 6.Bd3 dxc4 7.Bxc4"
"Vienna Game, Vienna Gambit, Steinitz Gambit, Knight Variation","C25","1.e4 e5 2.Nc3 Nc6 3.f4 exf4 4.Nf3"
"French Defense, Advance Variation, Nimzowitsch Gambit","C02","1.e4 e6 2.d4 d5 3.e5 c5 4.Qg4 cxd4 5.Nf3"
"Dutch Defense, Classical Variation, Blackburne Attack","A91","1.d4 f5 2.c4 Nf6 3.g3 e6 4.Bg2 Be7 5.Nh3"
"Queen's Gambit Accepted, Classical Defense, Russian Gambit","D27","1.d4 d5 2.c4 dxc4 3.Nf3 Nf6 4.e3 e6 5.Bxc4 c5 6.O-O a6 7.e4"
"Sicilian Defense, Marshall Counterattack","B40","1.e4 c5 2.Nf3 e6 3.d4 d5"
"French Defense, Classical Variation, Tartakower Variation","C13","1.e4 e6 2.d4 d5 3.Nc3 Nf6 4.Bg5 Be7 5.e5 Ne4"
"Dutch Defense, Blackmar's Second Gambit","A80","1.d4 f5 2.e4 fxe4 3.Nc3 Nf6 4.f3"
"Sicilian Defense, Smith-Morra Gambit, Accepted, Fianchetto Defense","B21","1.e4 c5 2.d4 cxd4 3.c3 dxc3 4.Nxc3 Nc6 5.Nf3 g6"
"Nimzo-Indian Defense, Saemisch Variation, O'Kelly Variation","E26","1.d4 Nf6 2.c4 e6 3.Nc3 Bb4 4.a3 Bxc3+ 5.bxc3 c5 6.e3 b6"
"Gruenfeld Defense, Zaitsev Gambit","D80","1.d4 Nf6 2.c4 g6 3.Nc3 d5 4.h4"
"Alekhine Defense, Modern Variation, Keres Variation","B04","1.e4 Nf6 2.e5 Nd5 3.d4 d6 4.Nf3 g6 5.Bc4 Nb6 6.Bb3 Bg7 7.a4"
"English Opening, King's English Variation, Nimzowitsch-Flohr Variation","A20","1.c4 e5 2.Nf3 e4"
"Sicilian Defense, Closed Variation, Botvinnik Defense I, Edge Variation","B25","1.e4 c5 2.Nc3 Nc6 3.g3 g6 4.Bg2 Bg7 5.d3 d6 6.f4 e5 7.Nh3 Nge7"
"King's Indian Defense, Orthodox Variation, Korchnoi Attack","E97","1.d4 Nf6 2.c4 g6 3.Nc3 Bg7 4.e4 d6 5.Nf3 O-O 6.Be2 e5 7.O-O Nc6 8.d5 Ne7 9.Bd2"
"Sicilian Defense, Scheveningen Variation, Classical Variation, Paulsen Variation","B85","1.e4 c5 2.Nf3 d6 3.d4 cxd4 4.Nxd4 Nf6 5.Nc3 e6 6.Be2 a6 7.O-O Qc7 8.f4 Nc6 9.Kh1 Be7 10.a4"
"Queen's Gambit Declined, Orthodox Defense, Classical Variation","D68","1.d4 d5 2.c4 e6 3.Nc3 Nf6 4.Bg5 Be7 5.e3 O-O 6.Nf3 Nbd7 7.Rc1 c6 8.Bd3 dxc4 9.Bxc4 Nd5 10.Bxe7 Qxe7 11.O-O Nxc3 12.Rxc3 e5"
"Sicilian Defense, O'Kelly Variation, Quiet System","B28","1.e4 c5 2.Nf3 a6 3.d3"
"King's Indian Defense, Four Pawns Attack, General","E77","1.d4 Nf6 2.c4 g6 3.Nc3 Bg7 4.e4 d6 5.f4 O-O 6.Be2"
"Hungarian Opening, Reversed Modern Defense","A00","1.g3 d5 2.Bg2 c5"
"Queen Pawn Game, Hübsch Gambit","D00","1.d4 Nf6 2.Nc3 d5 3.e4 Nxe4"
"French Defense, Winawer Variation, Maroczy-Wallis Variation","C18","1.e4 e6 2.d4 d5 3.Nc3 Bb4 4.e5 c5 5.a3 cxd4 6.axb4 dxc3"
"Queen's Gambit Declined, Neo-Orthodox Variation","D54","1.d4 d5 2.c4 e6 3.Nc3 Nf6 4.Bg5 Be7 5.e3 O-O 6.Rc1"
"Zukertort Opening, Tennison Gambit","A06","1.Nf3 d5 2.e4"
"Modern Defense, Improved Maroczy","B06","1.e4 g6 2.d4 Bg7 3.Nf3 c5 4.c4 Qb6"
"Scandinavian Defense, Anderssen Counterattack","B01","1.e4 d5 2.exd5 Qxd5 3.Nc3 Qa5 4.d4 e5"
"Italian Game, Two Knights Defense, Traxler Counterattack, Bishop sac line","C57","1.e4 e5 2.Nf3 Nc6 3.Bc4 Nf6 4.Ng5 Bc5 5.Bxf7+"
"King's Indian Defense, Orthodox Variation","E92","1.d4 Nf6 2.c4 g6 3.Nc3 Bg7 4.e4 d6 5.Nf3 O-O 6.Be2 e5"
"Sicilian Defense, Paulsen Variation, American Attack","B45","1.e4 c5 2.Nf3 e6 3.d4 cxd4 4.Nxd4 Nc6 5.Nc3 Nf6 6.Ndb5 Bb4 7.Nd6+"
"Vienna Game, Stanley Variation, Monster Declined","C27","1.e4 e5 2.Nc3 Nf6 3.Bc4 Nxe4 4.Qh5 Nd6 5.Bb3 Be7"
"King's Indian Defense, Averbakh Variation, Benoni Defense, Exchange Variation","E74","1.d4 Nf6 2.c4 g6 3.Nc3 Bg7 4.e4 d6 5.Be2 O-O 6.Bg5 c5 7.dxc5"
"Sicilian Defense, Nyezhmetdinov-Rossolimo Attack, Fianchetto Variation, Lutikov Gambit","B31","1.e4 c5 2.Nf3 Nc6 3.Bb5 g6 4.O-O Bg7 5.c3 Nf6 6.d4"
"Sicilian Defense, Wing Gambit, Abrahams Variation","B20","1.e4 c5 2.b4 cxb4 3.Bb2"
"King's Indian Defense, Pomar System","E72","1.d4 Nf6 2.c4 g6 3.Nc3 Bg7 4.e4 d6 5.g3 O-O 6.Bg2 e5 7.Nge2"
"Four Knights Game, Ranken Variation","C48","1.e4 e5 2.Nf3 Nc6 3.Nc3 Nf6 4.Bb5 a6 5.Bxc6"
"Sicilian Defense, Gaw-Paw Variation","B40","1.e4 c5 2.Nf3 e6 3.d4 cxd4 4.Nxd4 Nf6 5.Nc3 Qb6"
"French Defense, Classical Variation, Normal Variation","C13","1.e4 e6 2.d4 d5 3.Nc3 Nf6 4.Bg5 Be7"
"Russian Game, Classical Attack, Chigorin Variation, Browne Attack","C42","1.e4 e5 2.Nf3 Nf6 3.Nxe5 d6 4.Nf3 Nxe4 5.d4 d5 6.Bd3 Be7 7.O-O Nc6 8.c4 Nb4 9.cxd5"
"Sicilian Defense, Closed Sicilian, Anti-Sveshnikov Variation, Kharlov-Kramnik Line","B30","1.e4 c5 2.Nc3 Nc6 3.Nf3 e5 4.Bc4 d6 5.d3 Be7 6.Nd2 Bg5"
"King's Gambit, Accepted, MacLeod Defense","C34","1.e4 e5 2.f4 exf4 3.Nf3 Nc6"
"Queen's Gambit Declined, Orthodox Defense, Fianchetto Variation","D66","1.d4 d5 2.c4 e6 3.Nc3 Nf6 4.Bg5 Be7 5.e3 O-O 6.Nf3 Nbd7 7.Rc1 c6 8.Bd3 dxc4 9.Bxc4 b5"
"French Defense, Steinitz Attack","C00","1.e4 e6 2.e5"
"Tarrasch Defense, Classical Variation, Spassky Variation","D34","1.d4 d5 2.c4 e6 3.Nc3 c5 4.cxd5 exd5 5.Nf3 Nc6 6.g3 Nf6 7.Bg2 Be7 8.O-O O-O 9.Bg5 cxd4 10.Nxd4 h6 11.Be3 Bg4"
"King's Gambit, Accepted, Becker Defense","C34","1.e4 e5 2.f4 exf4 3.Nf3 h6"
"Bishop's Opening, Ponziani Gambit","C24","1.e4 e5 2.Bc4 Nf6 3.d4"
"Italian Game, Classical Variation, Center Holding Variation","C53","1.e4 e5 2.Nf3 Nc6 3.Bc4 Bc5 4.c3 Qe7 5.d4 Bb6"
"Sicilian Defense, Nyezhmetdinov-Rossolimo Attack, Gurgenidze Variation","B31","1.e4 c5 2.Nf3 Nc6 3.Bb5 g6 4.O-O Bg7 5.Re1 e5 6.b4"
"Philidor Defense, Nimzowitsch Variation, Rellstab Variation","C41","1.e4 e5 2.Nf3 d6 3.d4 Nf6 4.dxe5 Nxe4 5.Qd5"
"Blackmar-Diemer Gambit, Euwe Defense","D00","1.d4 d5 2.e4 dxe4 3.Nc3 Nf6 4.f3 exf3 5.Nxf3 e6"
"Philidor Defense, Hanham Variation, Steiner Variation","C41","1.e4 e5 2.Nf3 d6 3.d4 Nd7 4.Bc4 c6 5.O-O Be7 6.dxe5"
"Barnes Opening, General","A00","1.f3"
"Old Indian Defense, Janowski Variation, Fianchetto Variation","A53","1.d4 Nf6 2.c4 d6 3.Nc3 Bf5 4.g3"
"English Opening, King's English Variation, Four Knights Variation, Quiet Line","A28","1.c4 e5 2.Nc3 Nc6 3.Nf3 Nf6 4.e3 Bb4 5.Qc2 O-O 6.Nd5 Re8 7.Qf5"
"Italian Game, Scotch Gambit, Max Lange Attack, Long Variation","C55","1.e4 e5 2.Nf3 Nc6 3.Bc4 Nf6 4.d4 exd4 5.O-O Bc5 6.e5 d5 7.exf6 dxc4 8.Re1+ Be6 9.Ng5 Qd5 10.Nc3 Qf5 11.Nce4"
"St. George Defense, New St. George, Traditional Line","B00","1.e4 a6 2.d4 e6 3.Nf3 b5 4.Bd3 c5 5.c3 Bb7 6.O-O Nf6"
"Sicilian Defense, Alapin Variation, Sherzer Variation","B22","1.e4 c5 2.c3 Nf6 3.e5 Nd5 4.d4 e6 5.Nf3 Nc6"
"French Defense, Rubinstein Variation, Maric Variation","C10","1.e4 e6 2.d4 d5 3.Nc3 dxe4 4.Nxe4 Qd5"
"Benko Gambit, Declined, Pseudo-Saemisch","A57","1.d4 Nf6 2.c4 c5 3.d5 b5 4.f3"
"Queen Pawn Opening, Veresov Attack, Irish Gambit","D00","1.d4 d5 2.Nc3 c5"
"Englund Gambit, Declined, Reversed French","A40","1.d4 e5 2.e3"
"Neo-Gruenfeld Defense, Delayed Exchange Variation","D75","1.d4 Nf6 2.c4 g6 3.g3 d5 4.Bg2 Bg7 5.Nf3 O-O 6.cxd5 Nxd5 7.O-O c5 8.dxc5"
"King's Gambit, Accepted, Modern Defense","C36","1.e4 e5 2.f4 exf4 3.Nf3 d5"
"Semi-Slav Defense, Noteboom Variation, Anti-Noteboom Gambit","D31","1.d4 d5 2.Nf3 c6 3.c4 e6 4.Nc3 dxc4 5.g3"
"Spanish Game, Marshall Attack, Original Marshall Attack","C89","1.e4 e5 2.Nf3 Nc6 3.Bb5 a6 4.Ba4 Nf6 5.O-O Be7 6.Re1 b5 7.Bb3 O-O 8.c3 d5 9.exd5 Nxd5 10.Nxe5 Nxe5 11.Rxe5 Nf6"
"Spanish Game, Closed Variations, General","C92","1.e4 e5 2.Nf3 Nc6 3.Bb5 a6 4.Ba4 Nf6 5.O-O Be7 6.Re1 b5 7.Bb3 O-O 8.c3 d6 9.h3"
"Scandinavian Defense, Main Lines, Leonhardt Gambit","B01","1.e4 d5 2.exd5 Qxd5 3.Nc3 Qa5 4.b4"
"Vienna Game, Stanley Variation, Three Knights Variation","C28","1.e4 e5 2.Nc3 Nf6 3.Bc4 Nc6"
"Four Knights Game, Scotch Variation, Krause Gambit, Leonhardt Defense","C47","1.e4 e5 2.Nf3 Nc6 3.Nc3 Nf6 4.d4 Bb4 5.Nxe5 Qe7"
"French Defense, Classical Variation, General Variation","C14","1.e4 e6 2.d4 d5 3.Nc3 Nf6 4.Bg5 Be7 5.e5 Nfd7 6.Bxe7 Qxe7"
"English Opening, Adorjan Defense","A10","1.c4 g6 2.e4 e5"
"Modern Defense, Averbakh Variation, Pseudo-Saemisch","A42","1.d4 g6 2.c4 Bg7 3.e4 d6 4.Be3 Nf6 5.f3"
"Dutch Defense, Korchnoi Attack","A80","1.d4 f5 2.h3"
"Four Knights Game, Spanish Variation, Symmetrical Variation","C49","1.e4 e5 2.Nf3 Nc6 3.Nc3 Nf6 4.Bb5 Bb4 5.O-O O-O 6.d3 d6 7.Bg5 Ne7"
"King's Indian Defense, Orthodox Variation, Classical System, Traditional Line","E99","1.d4 Nf6 2.c4 g6 3.Nc3 Bg7 4.e4 d6 5.Nf3 O-O 6.Be2 e5 7.O-O Nc6 8.d5 Ne7 9.Ne1 Nd7 10.f3 f5"
"Italian Game, Evans Gambit, Stone-Ware Variation","C51","1.e4 e5 2.Nf3 Nc6 3.Bc4 Bc5 4.b4 Bxb4 5.c3 Bd6"
"Amar Opening, General","A00","1.Nh3"
"Benoni Defense, Mikenas Variation","A66","1.d4 Nf6 2.c4 c5 3.d5 e6 4.Nc3 exd5 5.cxd5 d6 6.e4 g6 7.f4 Bg7 8.e5"
"Spanish Game, Open Variations, Italian Variation","C82","1.e4 e5 2.Nf3 Nc6 3.Bb5 a6 4.Ba4 Nf6 5.O-O Nxe4 6.d4 b5 7.Bb3 d5 8.dxe5 Be6 9.c3 Bc5"
"Italian Game, Evans Gambit, MacDonnell Defense","C51","1.e4 e5 2.Nf3 Nc6 3.Bc4 Bc5 4.b4 Bxb4 5.c3 Bc5"
"King's Gambit, Accepted, Cunningham Defense, McCormick Defense","C35","1.e4 e5 2.f4 exf4 3.Nf3 Be7 4.Bc4 Nf6"
"Dutch Defense, Classical Variation","A92","1.d4 f5 2.c4 Nf6 3.g3 e6 4.Bg2 Be7 5.Nf3 O-O"
"Benoni Defense, Classical Variation, Czerniak Defense","A76","1.d4 Nf6 2.c4 c5 3.d5 e6 4.Nc3 exd5 5.cxd5 d6 6.e4 g6 7.Nf3 Bg7 8.Be2 O-O 9.O-O Re8"
"Zukertort Opening, St. George Defense","A04","1.Nf3 a6"
"Sicilian Defense, O'Kelly Variation","B28","1.e4 c5 2.Nf3 a6"
"Queen's Gambit Declined, Pseudo-Tarrasch Variation","D50","1.d4 d5 2.c4 e6 3.Nc3 Nf6 4.Bg5 c5 5.cxd5"
"Caro-Kann Defense, Hillbilly Attack","B00","1.e4 c6 2.Bc4"
"Pirc Defense, Chinese Variation","B07","1.e4 d6 2.d4 Nf6 3.Nc3 g6 4.Be2 Bg7 5.g4"
"King's Indian Defense, Saemisch Variation, Byrne Defense","E81","1.d4 Nf6 2.c4 g6 3.Nc3 Bg7 4.e4 d6 5.f3 O-O 6.Be3 c6 7.Bd3 a6"
"Caro-Kann Defense, Panov Attack, Modern Defense, Czerniak Line","B13","1.e4 c6 2.d4 d5 3.exd5 cxd5 4.c4 Nf6 5.Nc3 Nc6 6.Bg5 Qa5"
"King's Indian Defense, Four Pawns Attack, Exchange Variation","E79","1.d4 Nf6 2.c4 g6 3.Nc3 Bg7 4.e4 d6 5.f4 O-O 6.Be2 c5 7.Nf3 cxd4 8.Nxd4 Nc6 9.Be3"
"Sicilian Defense, Najdorf Variation, Goteborg (Argentine)","B98","1.e4 c5 2.Nf3 d6 3.d4 cxd4 4.Nxd4 Nf6 5.Nc3 a6 6.Bg5 e6 7.f4 Be7 8.Qf3 h6 9.Bh4 g5"
"Queen's Gambit Refused, Chigorin Defense, Janowski Variation","D07","1.d4 d5 2.c4 Nc6 3.Nc3 dxc4 4.Nf3"
"Spanish Game, Alapin Defense","C60","1.e4 e5 2.Nf3 Nc6 3.Bb5 Bb4"
"Sicilian Defense, Najdorf Variation, Polugayevsky  Variation, Simagin Line","B96","1.e4 c5 2.Nf3 d6 3.d4 cxd4 4.Nxd4 Nf6 5.Nc3 a6 6.Bg5 e6 7.f4 b5 8.e5 dxe5 9.fxe5 Qc7 10.Qe2"
"French Defense, Advance Variation, Extended Bishop Swap","C02","1.e4 e6 2.d4 d5 3.e5 Bd7"
"Gruenfeld Defense, Brinckmann Attack, Grünfeld Gambit","D83","1.d4 Nf6 2.c4 g6 3.Nc3 d5 4.Bf4 Bg7 5.e3 O-O"
"Spanish Game, Berlin Defense, Nyholm Attack","C65","1.e4 e5 2.Nf3 Nc6 3.Bb5 Nf6 4.d4 exd4 5.O-O"
"Scotch Game, Meitner Variation","C45","1.e4 e5 2.Nf3 Nc6 3.d4 exd4 4.Nxd4 Bc5 5.Be3 Qf6 6.c3 Nge7 7.Nc2"
"French Defense, Advance Variation, Ruisdonk Gambit","C02","1.e4 e6 2.d4 d5 3.e5 c5 4.Nf3 cxd4 5.Bd3"
"Spanish Game, Berlin Defense, Closed Wolf Variation","C66","1.e4 e5 2.Nf3 Nc6 3.Bb5 Nf6 4.O-O d6 5.d4 Bd7 6.Nc3 exd4"
"Indian Game, Anti-Grünfeld, Advance Variation","E60","1.d4 Nf6 2.c4 g6 3.d5"
"Queen's Gambit Accepted, Winawer Defense","D25","1.d4 d5 2.c4 dxc4 3.Nf3 Nf6 4.e3 Be6"
"English Opening, Anglo-Scandinavian Defense, General","A10","1.c4 d5"
"Pterodactyl Defense, Eastern, Pteronodon","B06","1.e4 g6 2.d4 Bg7 3.Nc3 c5 4.dxc5 Bxc3+ 5.bxc3 Qa5"
"Blackmar-Diemer Gambit, Vienna Variation","D00","1.d4 d5 2.e4 dxe4 3.Nc3 Nf6 4.f3 Bf5"
"King's Indian Defense, Saemisch Variation, Closed Variation, Main Line","E89","1.d4 Nf6 2.c4 g6 3.Nc3 Bg7 4.e4 d6 5.f3 O-O 6.Be3 e5 7.d5 c6 8.Nge2 cxd5"
"Dutch Defense, Staunton Gambit, Accepted","A82","1.d4 f5 2.e4 fxe4"
"Alekhine Defense, Modern Variation, Panov Variation","B05","1.e4 Nf6 2.e5 Nd5 3.d4 d6 4.Nf3 Bg4 5.h3"
"King's Indian Defense, Orthodox Variation, Classical System, Kozul Gambit","E99","1.d4 Nf6 2.c4 g6 3.Nc3 Bg7 4.e4 d6 5.Nf3 O-O 6.Be2 e5 7.O-O Nc6 8.d5 Ne7 9.Ne1 Nd7 10.Be3 f5 11.f3 f4 12.Bf2 g5 13.Rc1 Ng6 14.c5"
"Queen's Indian Defense, Fianchetto Variation, Check Variation","E15","1.d4 Nf6 2.c4 e6 3.Nf3 b6 4.g3 Ba6 5.b3 Bb4+"
"Sicilian Defense, Nyezhmetdinov-Rossolimo Attack, Fianchetto Variation, Totsky Attack","B31","1.e4 c5 2.Nf3 Nc6 3.Bb5 g6 4.O-O Bg7 5.c3 Nf6 6.Qa4"
"Italian Game, Evans Gambit, Mieses Defense","C52","1.e4 e5 2.Nf3 Nc6 3.Bc4 Bc5 4.b4 Bxb4 5.c3 Ba5 6.d4 exd4 7.O-O Nge7"
"Sicilian Defense, Paulsen Variation, Bastrikov Variation, Ponomariov Gambit","B48","1.e4 c5 2.Nf3 e6 3.d4 cxd4 4.Nxd4 Nc6 5.Nc3 Qc7 6.Ndb5 Qb8 7.Be3 a6 8.Bb6"
"Benoni Defense, Classical Variation, Full line","A74","1.d4 Nf6 2.c4 c5 3.d5 e6 4.Nc3 exd5 5.cxd5 d6 6.e4 g6 7.Nf3 Bg7 8.Be2 O-O 9.O-O a6 10.a4"
"Elephant Gambit, Maroczy Gambit","C40","1.e4 e5 2.Nf3 d5 3.exd5 Bd6"
"English Opening, Anglo-Indian Defense, Flohr-Mikenas-Carls Variation","A18","1.c4 Nf6 2.Nc3 e6 3.e4 Nc6"
"Vienna Game, Vienna Gambit, Bardeleben Variation","C29","1.e4 e5 2.Nc3 Nf6 3.f4 d5 4.fxe5 Nxe4 5.Qf3 f5"
"Caro-Kann Defense, Von Hennig Gambit","B15","1.e4 c6 2.d4 d5 3.Nc3 dxe4 4.Bc4"
"Russian Game, Classical Attack, Berger Variation","C42","1.e4 e5 2.Nf3 Nf6 3.Nxe5 d6 4.Nf3 Nxe4 5.d4 d5 6.Bd3 Be7 7.O-O Nc6 8.Re1 Bg4 9.c3 f5 10.Nbd2"
"Four Knights Game, Janowski Variation","C49","1.e4 e5 2.Nf3 Nc6 3.Nc3 Nf6 4.Bb5 Bb4 5.O-O O-O 6.d3 Bxc3 7.bxc3 d6 8.Re1"
"Blumenfeld Countergambit, Spielmann Variation","E10","1.d4 Nf6 2.c4 e6 3.Nf3 c5 4.d5 b5 5.Bg5 exd5 6.cxd5 h6"
"Nimzo-Indian Defense, Normal Variation, Gligoric System","E53","1.d4 Nf6 2.c4 e6 3.Nc3 Bb4 4.e3 O-O 5.Nf3 d5 6.Bd3 c5 7.O-O Nbd7"
"Spanish Game, Schleimann Defense, Jaenisch Gambit Accepted","C60","1.e4 e5 2.Nf3 Nc6 3.Bb5 f5 4.exf5"
"Spanish Game, Schliemann Defense, Möhring Variation","C63","1.e4 e5 2.Nf3 Nc6 3.Bb5 f5 4.Nc3 fxe4 5.Nxe4 d5 6.Nxe5 dxe4 7.Nxc6 Qd5"
"Nimzo-Indian Defense, Normal Variation, Gligoric System, Keres Variation","E53","1.d4 Nf6 2.c4 e6 3.Nc3 Bb4 4.e3 O-O 5.Nf3 d5 6.Bd3 c5 7.O-O b6"
"Russian Game, Damiano Variation","C42","1.e4 e5 2.Nf3 Nf6 3.Nxe5 Nxe4"
"Italian Game, Scotch Gambit, Nakhmanson Gambit","C56","1.e4 e5 2.Nf3 Nc6 3.Bc4 Nf6 4.d4 exd4 5.O-O Nxe4 6.Nc3"
"Italian Game, Classical Variation, Greco Gambit, Mason Gambit","C54","1.e4 e5 2.Nf3 Nc6 3.Bc4 Bc5 4.c3 Nf6 5.d4 exd4 6.O-O"
"King's Gambit, Accepted, Bishop's Gambit, Bogoljubow Variation","C33","1.e4 e5 2.f4 exf4 3.Bc4 Nf6 4.Nc3"
"King's Gambit, Falkbeer Countergambit, Staunton Line","C31","1.e4 e5 2.f4 d5 3.exd5 e4"
"Spanish Game, Open Variations, Motzko Attack II","C82","1.e4 e5 2.Nf3 Nc6 3.Bb5 a6 4.Ba4 Nf6 5.O-O Nxe4 6.d4 b5 7.Bb3 d5 8.dxe5 Be6 9.c3 Bc5 10.Qd3"
"Four Knights Game, Spanish Variation, Classical Variation, Marshall Gambit","C48","1.e4 e5 2.Nf3 Nc6 3.Nc3 Nf6 4.Bb5 Bc5 5.Nxe5 Nd4 6.Ba4 O-O"
"Queen's Gambit Declined, Orthodox Defense, Classical Variation","D69","1.d4 d5 2.c4 e6 3.Nc3 Nf6 4.Bg5 Be7 5.e3 O-O 6.Nf3 Nbd7 7.Rc1 c6 8.Bd3 dxc4 9.Bxc4 Nd5 10.Bxe7 Qxe7 11.O-O Nxc3 12.Rxc3 e5 13.dxe5 Nxe5 14.Nxe5"
"French Defense, Winawer Variation, Exchange Variation, Canal Attack","C01","1.e4 e6 2.d4 d5 3.Nc3 Bb4 4.exd5 exd5 5.Bd3 Ne7 6.Qh5"
"Sicilian Defense, Misc. Defenses","B27","1.e4 c5 2.Nf3"
"Spanish Game, Closed Variations, Chigorin Defense","C98","1.e4 e5 2.Nf3 Nc6 3.Bb5 a6 4.Ba4 Nf6 5.O-O Be7 6.Re1 b5 7.Bb3 O-O 8.c3 d6 9.h3 Na5 10.Bc2 c5 11.d4 Qc7 12.Nbd2 Nc6 13.dxc5"
"Sicilian Defense, Scheveningen Variation, Delayed Keres Attack, Perenyi Gambit","B81","1.e4 c5 2.Nf3 d6 3.d4 cxd4 4.Nxd4 Nf6 5.Nc3 e6 6.Be3 a6 7.g4 e5 8.Nf5 g6 9.g5"
"Queen's Gambit Accepted, Accelerated Mannheim Variation","D20","1.d4 d5 2.c4 dxc4 3.Qa4+"
"Ponziani Opening, Caro Gambit","C44","1.e4 e5 2.Nf3 Nc6 3.c3 d5 4.Qa4 Bd7"
"Grob Opening, Grob Gambit","A00","1.g4 d5 2.Bg2"
"King's Indian Defense, Fianchetto Variation, Panno Variation, Korchnoi Line","E63","1.d4 Nf6 2.c4 g6 3.Nc3 Bg7 4.Nf3 d6 5.g3 O-O 6.Bg2 Nc6 7.O-O a6 8.h3 Rb8 9.Be3 b5 10.Nd2"
"Latvian Gambit, General","C40","1.e4 e5 2.Nf3 f5"
"English Opening, Anglo-Indian Defense, Queens Indian Variation","A17","1.c4 Nf6 2.Nc3 e6 3.Nf3 b6 4.e4 Bb7 5.Bd3"
"Scandinavian Defense, Kiel Variation","B01","1.e4 d5 2.exd5 Nf6 3.d4 Nxd5 4.c4 Nb4"
"Sicilian Defense, Dragon Variation, Levenfish Variation, Main Line","B71","1.e4 c5 2.Nf3 d6 3.d4 cxd4 4.Nxd4 Nf6 5.Nc3 g6 6.f4 Nbd7"
"Sicilian Defense, Dragon Variation, Classical Variation, Alekhine Line","B74","1.e4 c5 2.Nf3 d6 3.d4 cxd4 4.Nxd4 Nf6 5.Nc3 g6 6.Be2 Bg7 7.Be3 Nc6 8.O-O O-O 9.Nb3 a5"
"Zukertort Opening, Reversed Mexican Defense","A06","1.Nf3 d5 2.Nc3"
"Scotch Game, Classical Variation, Blackburne Attack","C45","1.e4 e5 2.Nf3 Nc6 3.d4 exd4 4.Nxd4 Bc5 5.Be3 Qf6 6.c3 Nge7 7.Qd2"
"Spanish Game, Open Variations, Berlin Variation","C82","1.e4 e5 2.Nf3 Nc6 3.Bb5 a6 4.Ba4 Nf6 5.O-O Nxe4 6.d4 b5 7.Bb3 d5 8.dxe5 Be6 9.c3 Nc5"
"King's Gambit, Falkbeer Countergambit, Charousek Gambit","C31","1.e4 e5 2.f4 d5 3.exd5 e4 4.d3"
"Polish Opening, German Defense","A00","1.b4 d5 2.Bb2 Qd6"
"French Defense, Classical Variation, Pollock Variation","C14","1.e4 e6 2.d4 d5 3.Nc3 Nf6 4.Bg5 Be7 5.e5 Nfd7 6.Bxe7 Qxe7 7.Qg4"
"French Defense, Alekhine-Chatard Attack, Spielmann Variation","C13","1.e4 e6 2.d4 d5 3.Nc3 Nf6 4.Bg5 Be7 5.e5 Nfd7 6.h4 O-O"
"Zukertort Opening, Wade Defense, Chigorin Plan","A41","1.Nf3 d6 2.d4 Bg4 3.c4 Nd7 4.Qb3 Rb8"
"Pterodactyl Defense, Eastern, Rhamporhynchus","B06","1.e4 g6 2.d4 Bg7 3.Nc3 c5 4.dxc5"
"Benko Gambit, Accepted, Central Storming Variation","A57","1.d4 Nf6 2.c4 c5 3.d5 b5 4.cxb5 a6 5.bxa6 g6 6.Nc3 Bxa6 7.f4"
"King's Indian Defense, Averbakh Variation, Spanish Defense","E73","1.d4 Nf6 2.c4 g6 3.Nc3 Bg7 4.e4 d6 5.Be2 O-O 6.Bg5 a6"
"Queen's Gambit Refused, Chigorin Defense, Tartakower Gambit","D06","1.d4 d5 2.c4 Nc6 3.Nc3 e5"
"King Pawn Game, Wayward Queen Attack","C20","1.e4 e5 2.Qh5"
"Alekhine Defense, Spielmann Gambit","B02","1.e4 Nf6 2.Nc3 d5 3.e5 Nfd7 4.e6"
"Philidor Defense, Lion Variation, Bishop Sac","C41","1.e4 e5 2.Nf3 d6 3.d4 Nf6 4.Nc3 Nbd7 5.Bc4 Be7 6.Bxf7+"
"Bird Opening, Horsefly Defense","A03","1.f4 Nh6"
"Slav Defense, Bonet Gambit","D11","1.d4 d5 2.c4 c6 3.Nf3 Nf6 4.Bg5"
"English Opening, King's English Variation, Bellon Gambit","A22","1.c4 e5 2.Nc3 Nf6 3.Nf3 e4 4.Ng5 b5"
"Three Knights Opening, Steinitz - Rosenthal Variation","C46","1.e4 e5 2.Nf3 Nc6 3.Nc3 g6 4.d4 exd4 5.Nd5"
"Italian Game, Classical Variation, Greco Gambit, Main Line","C54","1.e4 e5 2.Nf3 Nc6 3.Bc4 Bc5 4.c3 Nf6 5.d4 exd4 6.cxd4 Bb4+ 7.Nc3 Nxe4 8.O-O Bxc3"
"Benko Gambit, Accepted, Yugoslav with 7...Bxf1, Nge2","A59","1.d4 Nf6 2.c4 c5 3.d5 b5 4.cxb5 a6 5.bxa6 Bxa6 6.Nc3 d6 7.e4 Bxf1 8.Kxf1 g6 9.Nge2"
"Queen's Gambit Accepted, Saduleto Variation","D20","1.d4 d5 2.c4 dxc4 3.e4"
"French Defense, MacCutcheon Variation, Bernstein Variation","C12","1.e4 e6 2.d4 d5 3.Nc3 Nf6 4.Bg5 Bb4 5.e5 h6 6.Bh4"
"Pterodactyl Defense, Sicilian, Anhanguera","B06","1.e4 g6 2.d4 Bg7 3.Nc3 c5 4.Nf3 Qa5 5.Be3"
"Benoni Defense, Pawn Storm Variation","A66","1.d4 Nf6 2.c4 c5 3.d5 e6 4.Nc3 exd5 5.cxd5 d6 6.e4 g6 7.f4"
"Queen's Gambit Refused, Baltic Defense, Argentinian Gambit","D31","1.d4 d5 2.c4 Bf5 3.cxd5 Bxb1 4.Qa4+ c6 5.dxc6 Nxc6"
"Four Knights Game, Halloween Gambit","C46","1.e4 e5 2.Nf3 Nc6 3.Nc3 Nf6 4.Nxe5"
"Nimzo-Indian Defense, Leningrad Variation, Averbakh Gambit","E30","1.d4 Nf6 2.c4 e6 3.Nc3 Bb4 4.Bg5 h6 5.Bh4 c5 6.d5 b5"
"Tarrasch Defense, Prague Variation, Main Line","D34","1.d4 d5 2.c4 e6 3.Nc3 c5 4.cxd5 exd5 5.Nf3 Nc6 6.g3 Nf6 7.Bg2 Be7"
"Sicilian Defense, O'Kelly Variation, Venice System, Gambit line","B28","1.e4 c5 2.Nf3 a6 3.c3 d5 4.exd5 Nf6"
"Slav Defense, Czech Variation","D17","1.d4 d5 2.c4 c6 3.Nf3 Nf6 4.Nc3 dxc4 5.a4 Bf5"
"French Defense, Winawer Variation, Poisoned Pawn Variation, Paoli Variation","C18","1.e4 e6 2.d4 d5 3.Nc3 Bb4 4.e5 c5 5.a3 Bxc3+ 6.bxc3 Ne7 7.Qg4 Qc7 8.Qxg7 Rg8 9.Qxh7 cxd4 10.Kd1"
"Scandinavian Defense, Grünfeld Variation","B01","1.e4 d5 2.exd5 Qxd5 3.Nc3 Qa5 4.d4 Nf6 5.Nf3 Bf5 6.Ne5 c6 7.g4"
"Gruenfeld Defense, Brinckmann Attack, Grünfeld Gambit, Botvinnik Variation","D83","1.d4 Nf6 2.c4 g6 3.Nc3 d5 4.Bf4 Bg7 5.e3 O-O 6.Rc1 c5 7.dxc5 Be6"
"French Defense, Orthoschnapp Gambit","C00","1.e4 e6 2.c4 d5 3.cxd5 exd5 4.Qb3"
"Vienna Game, Omaha Gambit","C25","1.e4 e5 2.Nc3 d6 3.f4"
"Queen's Gambit Declined, Orthodox Defense, Pillsbury Variation","D63","1.d4 d5 2.c4 e6 3.Nc3 Nf6 4.Bg5 Be7 5.e3 O-O 6.Nf3 Nbd7 7.Rc1 b6 8.cxd5 exd5 9.Bd3"
"Sicilian Defense, Chekhover Variation, Zaitsev Defense","B53","1.e4 c5 2.Nf3 d6 3.d4 cxd4 4.Qxd4 Nc6 5.Bb5 Qd7"
"King's Gambit, Accepted, Kieseritsky Gambit, Kolisch Defense","C39","1.e4 e5 2.f4 exf4 3.Nf3 g5 4.h4 g4 5.Ne5 d6"
"Italian Game, Two Knights Defense, Knight Attack, Normal Variation","C57","1.e4 e5 2.Nf3 Nc6 3.Bc4 Nf6 4.Ng5 d5"
"Italian Game, Scotch Gambit, Declined","C55","1.e4 e5 2.Nf3 Nc6 3.Bc4 Nf6 4.d4 d6"
"Sicilian Defense, Franco-Scilian Variation","B32","1.e4 c5 2.Nf3 Nc6 3.d4 e6"
"Scotch Game, Göring Gambit, Main Line","C44","1.e4 e5 2.Nf3 Nc6 3.d4 exd4 4.c3 dxc3 5.Nxc3 Bb4"
"Indian Game, Paleface Attack","A45","1.d4 Nf6 2.f3"
"Dutch Defense, Fianchetto Variation","A86","1.d4 f5 2.c4 Nf6 3.g3"
"Catalan Opening, Open Defense","E03","1.d4 Nf6 2.c4 e6 3.g3 d5 4.Bg2 dxc4 5.Qa4+ Nbd7 6.Qxc4"
"Philidor Defense, Nimzowitsch Variation","C41","1.e4 e5 2.Nf3 d6 3.d4 Nf6 4.dxe5"
"Gruenfeld Defense, Brinckmann Attack, Reshevsky Gambit","D83","1.d4 Nf6 2.c4 g6 3.Nc3 d5 4.Bf4 Bg7 5.e3 O-O 6.Rc1 c5 7.dxc5 Qa5"
"Sicilian Defense, Scheveningen Variation, Vitolins Variation","B80","1.e4 c5 2.Nf3 d6 3.d4 cxd4 4.Nxd4 Nf6 5.Nc3 e6 6.Bb5+"
"Scotch Game, Scotch Gambit, Dubois Reti Defense","C44","1.e4 e5 2.Nf3 Nc6 3.d4 exd4 4.Bc4 Nf6"
"King's Indian Defense, Averbakh Variation, 6Nc6 Defense","E73","1.d4 Nf6 2.c4 g6 3.Nc3 Bg7 4.e4 d6 5.Be2 O-O 6.Bg5 Nc6"
"Blackmar-Diemer Gambit, Declined, Langeheinecke Defense","D00","1.d4 d5 2.e4 dxe4 3.Nc3 Nf6 4.f3 e3"
"King's Indian Defense, Four Pawns Attack, Florentine Gambit","E77","1.d4 Nf6 2.c4 g6 3.Nc3 Bg7 4.e4 d6 5.f4 O-O 6.Be2 c5 7.d5 e6 8.Nf3 exd5 9.e5"
"Spanish Game, Morphy Defense, Wing Attack","C78","1.e4 e5 2.Nf3 Nc6 3.Bb5 a6 4.Ba4 Nf6 5.O-O b5 6.Bb3 Be7 7.a4"
"King's Indian Defense, Petrosian Variation, Keres Defense","E93","1.d4 Nf6 2.c4 g6 3.Nc3 Bg7 4.e4 d6 5.Nf3 O-O 6.Be2 e5 7.d5 Nbd7 8.Bg5 h6 9.Bh4 g5 10.Bg3 Nh5 11.h4"
"Queen's Gambit Declined, Orthodox Defense, Classical Variation","D68","1.d4 d5 2.c4 e6 3.Nc3 Nf6 4.Bg5 Be7 5.e3 O-O 6.Nf3 Nbd7 7.Rc1 c6 8.Bd3 dxc4 9.Bxc4 Nd5 10.Bxe7 Qxe7 11.O-O Nxc3 12.Rxc3 e5 13.Qc2"
"Spanish Game, Berlin Defense, Minckwitz Variation","C67","1.e4 e5 2.Nf3 Nc6 3.Bb5 Nf6 4.O-O Nxe4 5.d4 Be7 6.dxe5"
"Italian Game, Evans Gambit, Main Line","C52","1.e4 e5 2.Nf3 Nc6 3.Bc4 Bc5 4.b4 Bxb4 5.c3 Ba5"
"Spanish Game, Marshall Attack, Steiner Variation","C89","1.e4 e5 2.Nf3 Nc6 3.Bb5 a6 4.Ba4 Nf6 5.O-O Be7 6.Re1 b5 7.Bb3 O-O 8.c3 d5 9.exd5 e4"
"Philidor Defense, Nimzowitsch Variation","C41","1.e4 e5 2.Nf3 d6 3.d4 Nf6"
"Queen's Gambit Declined, Capablanca Variation","D30","1.d4 d5 2.c4 e6 3.Nf3 Nf6 4.Bg5 Nbd7 5.e3 c6 6.Nbd2"
"French Defense, Reversed Philidor Formation","C00","1.e4 e6 2.d3 d5 3.Nd2 Nf6 4.Ngf3 Nc6 5.Be2"
"Dutch Defense, Staunton Gambit, Lasker Variation","A83","1.d4 f5 2.e4 fxe4 3.Nc3 Nf6 4.Bg5 g6 5.f3"
"Spanish Game, Marshall Attack, Main Line","C89","1.e4 e5 2.Nf3 Nc6 3.Bb5 a6 4.Ba4 Nf6 5.O-O Be7 6.Re1 b5 7.Bb3 O-O 8.c3 d5 9.exd5 Nxd5 10.Nxe5 Nxe5 11.Rxe5 c6 12.d4"
"Queen's Gambit Accepted, Linares Variation","D20","1.d4 d5 2.c4 dxc4 3.e4 c5 4.d5 Nf6 5.Nc3 b5"
"Philidor Defense, Lion Variation, Sozin Variation","C41","1.e4 e5 2.Nf3 d6 3.d4 Nf6 4.Nc3 Nbd7 5.Bc4 Be7 6.O-O O-O 7.Qe2 c6 8.a4 exd4"
"Russian Game, Modern Attack, Suchting Gambit","C43","1.e4 e5 2.Nf3 Nf6 3.d4 exd4 4.Bc4"
"Benko Gambit, Declined, Bishop Attack","A57","1.d4 Nf6 2.c4 c5 3.d5 b5 4.Bg5"
"Latvian Gambit, Accepted, Leonhardt Variation","C40","1.e4 e5 2.Nf3 f5 3.Nxe5 Qf6 4.Nc4 fxe4 5.Nc3"
"Queen's Gambit Declined, Neo-Orthodox Variation","D55","1.d4 d5 2.c4 e6 3.Nc3 Nf6 4.Bg5 Be7 5.e3 O-O 6.Nf3 h6"
"Queen Pawn Game, Torre Attack, Gruenfeld Variation","D03","1.d4 d5 2.Nf3 Nf6 3.Bg5 g6"
"Caro-Kann Defense, Karpov Variation, Modern Variation, Ivanchuk Defense","B17","1.e4 c6 2.d4 d5 3.Nc3 dxe4 4.Nxe4 Nd7 5.Ng5 Ndf6"
"Bishop's Opening, Blanel Gambit","C23","1.e4 e5 2.Bc4 Nf6 3.Nc3 Nxe4"
"Spanish Game, Berlin Defense, l'Hermet Variation, Westerinen Line","C67","1.e4 e5 2.Nf3 Nc6 3.Bb5 Nf6 4.O-O Nxe4 5.d4 Nd6 6.Bxc6 dxc6 7.dxe5 Ne4"
"Nimzowitsch Defense, Scandinavian Variation, Bogoljubow Variation","B00","1.e4 Nc6 2.d4 d5 3.Nc3"
"Queen's Gambit Declined, Manhattan Variation","D51","1.d4 d5 2.c4 e6 3.Nc3 Nf6 4.Bg5 Nbd7 5.e3 Bb4"
"Gruenfeld Defense, Russian Variation, Smyslov Variation","D99","1.d4 Nf6 2.c4 g6 3.Nc3 d5 4.Nf3 Bg7 5.Qb3 dxc4 6.Qxc4 O-O 7.e4 Bg4 8.Be3 Nfd7 9.Qb3"
"English Opening, King's English Variation, Botvinnik System, Prickly Pawn Pass System","A26","1.c4 e5 2.Nc3 Nf6 3.g3 g6 4.Bg2 Bg7 5.d3 d6 6.e4 O-O 7.Nge2 c6 8.O-O a6"
"Van Geet Opening, Gruenfeld Defense","A00","1.Nc3 d5 2.e4 dxe4 3.Nxe4 e5"
"Caro-Kann Defense, Rasa-Studier Gambit","B15","1.e4 c6 2.d4 d5 3.Nc3 dxe4 4.f3"
"French Defense, Winawer Variation, Fingerslip Variation, Main Line","C15","1.e4 e6 2.d4 d5 3.Nc3 Bb4 4.Bd2 dxe4 5.Qg4 Nf6 6.Qxg7 Rg8 7.Qh6"
"Sicilian Defense, Drazic Variation","B40","1.e4 c5 2.Nf3 e6 3.d4 a6"
"Blackmar-Diemer Gambit, Von Popiel Gambit","D00","1.d4 d5 2.e4 dxe4 3.Nc3 Nf6 4.Bg5"
"Zukertort Opening, Basman Defense","A04","1.Nf3 h6"
"Queen Pawn Game, Veresov Atack, Boyce Defense","D01","1.d4 d5 2.Nc3 Nf6 3.Bg5 Ne4"
"Philidor Defense, Lion Variation, Lion's Claw I","C41","1.e4 e5 2.Nf3 d6 3.d4 Nd7 4.Nc3 Ngf6 5.Be2 Be7 6.O-O c6"
"Philidor Defense, Lion Variation, Forcing Line","C41","1.e4 e5 2.Nf3 d6 3.d4 Nf6 4.Nc3 Nbd7 5.Bc4 Be7 6.Ng5 O-O 7.Bxf7+ Rxf7 8.Ne6"
"Queen's Gambit Accepted, Classical Defense, Normal Lines","D26","1.d4 d5 2.c4 dxc4 3.Nf3 Nf6 4.e3 e6 5.Bxc4 c5 6.O-O"
"Sicilian Defense, O'Kelly Variation, Kieseritzky System","B28","1.e4 c5 2.Nf3 a6 3.b3"
"Spanish Game, Closed Variations, Worrall Attack","C86","1.e4 e5 2.Nf3 Nc6 3.Bb5 a6 4.Ba4 Nf6 5.O-O Be7 6.Qe2"
"Latvian Gambit, Fraser Defense","C40","1.e4 e5 2.Nf3 f5 3.Nxe5 Nc6"
"French Defense, Tarrasch Variation, Haberditz Variation","C03","1.e4 e6 2.d4 d5 3.Nd2 f5"
"Sicilian Defense, Morphy Gambit, Andreaschek Gambit","B21","1.e4 c5 2.d4 cxd4 3.Nf3 e5 4.c3"
"King Pawn Game, Macleod Attack","C20","1.e4 e5 2.c3"
"Sicilian Defense, Smith-Morra Gambit, Declined, Alapin Formation","B21","1.e4 c5 2.d4 cxd4 3.c3 Nf6"
"Latvian Gambit, Accepted","C40","1.e4 e5 2.Nf3 f5 3.exf5"
"Nimzo-Indian Defense, Spielmann Variation, Romanovsky Gambit","E23","1.d4 Nf6 2.c4 e6 3.Nc3 Bb4 4.Qb3 c5 5.dxc5 Nc6"
"Queen's Gambit Refused, Austrian Defense, Gusev Countergambit","D06","1.d4 d5 2.c4 c5 3.cxd5 Nf6"
"Bishop's Opening, Urusov Gambit, Keidansky Gambit","C24","1.e4 e5 2.Bc4 Nf6 3.d4 exd4 4.Nf3 Nxe4 5.Qxd4"
"French Defense, Winawer Variation, Bogoljubow Variation, Icelandic Defense","C17","1.e4 e6 2.d4 d5 3.Nc3 Bb4 4.e5 c5 5.Bd2 Ne7 6.f4"
"Scotch Game, Steinitz Variation","C45","1.e4 e5 2.Nf3 Nc6 3.d4 exd4 4.Nxd4 Qh4"
"St. George Defense, New St. George, Three Pawn Attack","B00","1.e4 a6 2.d4 e6 3.c4"
"King's Gambit, Accepted, Bishop's Gambit, Bledow Countergambit","C33","1.e4 e5 2.f4 exf4 3.Bc4 d5 4.Bxd5 Nf6"
"Sicilian Defense, Smith-Morra Gambit, Declined, Center Formation","B21","1.e4 c5 2.d4 cxd4 3.c3 e5"
"Italian Game, Evans Gambit, MacDonnell Defense, Main Line","C51","1.e4 e5 2.Nf3 Nc6 3.Bc4 Bc5 4.b4 Bxb4 5.c3 Bc5 6.d4 exd4 7.O-O d6 8.cxd4 Bb6"
"English Opening, King's English Variation, Four Knights Variation, Bradley Beach Variation","A28","1.c4 e5 2.Nc3 Nc6 3.Nf3 Nf6 4.d4 e4"
"Spanish Game, Open Variations, Classical Defense, Main Line","C83","1.e4 e5 2.Nf3 Nc6 3.Bb5 a6 4.Ba4 Nf6 5.O-O Nxe4 6.d4 b5 7.Bb3 d5 8.dxe5 Be6 9.c3 Be7 10.Re1"
"King Pawn Game, Alapin Opening","C20","1.e4 e5 2.Ne2"
"Nimzo-Indian Defense, Spielmann Variation, Karlsbad Variation","E23","1.d4 Nf6 2.c4 e6 3.Nc3 Bb4 4.Qb3 c5 5.dxc5 Nc6 6.Nf3 Ne4 7.Bd2 Nxd2"
"Caro-Kann Defense, Finnish Variation","B16","1.e4 c6 2.d4 d5 3.Nc3 dxe4 4.Nxe4 h6"
"Latvian Gambit, Mason Countergambit","C40","1.e4 e5 2.Nf3 f5 3.d4"
"Torre Attack, Classical Defense, Petrosian Gambit","A46","1.d4 Nf6 2.Nf3 e6 3.Bg5 c5 4.e3 b6 5.d5"
"Italian Game, Classical Variation, Greco Gambit, Greco Variation","C54","1.e4 e5 2.Nf3 Nc6 3.Bc4 Bc5 4.c3 Nf6 5.d4 exd4 6.cxd4 Bb4+ 7.Nc3 Nxe4 8.O-O Nxc3"
"Spanish Game, Columbus Variation","C70","1.e4 e5 2.Nf3 Nc6 3.Bb5 a6 4.Ba4"
"Tarrasch Defense, Classical Variation, Petursson Variation","D34","1.d4 d5 2.c4 e6 3.Nc3 c5 4.cxd5 exd5 5.Nf3 Nc6 6.g3 Nf6 7.Bg2 Be7 8.O-O O-O 9.Bg5 cxd4 10.Nxd4 Re8"
"Gruenfeld Defense, Lutikov Variation","D70","1.d4 Nf6 2.c4 g6 3.Nc3 d5 4.f3"
"Dutch Defense, Janzen-Korchnoi Gambit","A80","1.d4 f5 2.h3 Nf6 3.g4"
"French Defense, Rubinstein Variation, Capablanca Line","C10","1.e4 e6 2.d4 d5 3.Nc3 dxe4 4.Nxe4 Nd7 5.Nf3 Ngf6 6.Nxf6+ Nxf6 7.Ne5"
"King's Gambit, Declined, Keene Defense","C30","1.e4 e5 2.f4 Qh4+ 3.g3 Qe7"
"Italian Game, Two Knights Defense, Traxler Counterattack, Knight sac line","C57","1.e4 e5 2.Nf3 Nc6 3.Bc4 Nf6 4.Ng5 Bc5 5.Nxf7"
"Dutch Defense, Kmoch Attack","A80","1.d4 f5 2.Qd3"
"French Defense, MacCutcheon Variation","C12","1.e4 e6 2.d4 d5 3.Nc3 Nf6 4.Bg5 Bb4"
"Rat Defense, Balogh Defense","B07","1.e4 d6 2.d4 f5"
"Benoni Defense, Old Benoni, Schmid  Variation","A43","1.d4 c5 2.d5 d6 3.Nc3 g6"
"Sicilian Defense, Mongoose Variation","B27","1.e4 c5 2.Nf3 Qa5"
"King Pawn Game, Busch-Gass Gambit","C40","1.e4 e5 2.Nf3 Bc5"
"Vienna Game, Stanley Variation, Frankenstein-Dracula Variation","C27","1.e4 e5 2.Nc3 Nf6 3.Bc4 Nxe4 4.Qh5 Nd6 5.Bb3 Nc6 6.Nb5 g6 7.Qf3 f5 8.Qd5 Qe7 9.Nxc7+ Kd8 10.Nxa8 b6"
"King's Gambit, Accepted, Mason-Keres Gambit","C33","1.e4 e5 2.f4 exf4 3.Nc3"
"French Defense, Pelikan Variation","C00","1.e4 e6 2.Nc3 d5 3.f4"
"French Defense, Mediterranean Defense","C01","1.e4 e6 2.d4 Nf6"
"King's Gambit, Accepted, King's Knight Gambit","C34","1.e4 e5 2.f4 exf4 3.Nf3"
"Queen Pawn Game, Morris Countergambit","D00","1.d4 d5 2.Bf4 c5 3.e4"
"Italian Game, Evans Gambit, Anderssen Defense","C52","1.e4 e5 2.Nf3 Nc6 3.Bc4 Bc5 4.b4 Bxb4 5.c3 Ba5 6.d4 exd4 7.O-O Nf6"
"French Defense, Winawer Variation, Fingerslip Variation, Kunin Double Gambit","C15","1.e4 e6 2.d4 d5 3.Nc3 Bb4 4.Bd2 dxe4 5.Qg4 Qxd4"
"Philidor Defense, Albin-Blackburne Gambit","C41","1.e4 e5 2.Nf3 d6 3.d4 Bg4 4.dxe5 Nd7"
"Philidor Defense, Morphy Gambit","C41","1.e4 e5 2.Nf3 d6 3.d4 exd4 4.Bc4"
"Lion Defense, Anti-Philidor","B07","1.e4 d6 2.d4 Nf6 3.Nc3 Nbd7 4.f4"
"King's Gambit, Declined, Miles Defense","C30","1.e4 e5 2.f4 Nc6 3.Nf3 f5"
"King's Indian Defense, Averbakh Variation, Modern Defense, Burgess Line","E73","1.d4 Nf6 2.c4 g6 3.Nc3 Bg7 4.e4 d6 5.Be2 O-O 6.Bg5 Na6 7.Qd2 c6"
"Semi-Slav Defense, Meran Variation, Wade Variation, Kaidanov Gambit","D47","1.d4 d5 2.c4 e6 3.Nc3 Nf6 4.Nf3 c6 5.e3 Nbd7 6.Bd3 dxc4 7.Bxc4 b5 8.Bd3 Bb7 9.e4 b4 10.Na4 c5 11.e5 Nd5 12.O-O cxd4 13.Nxd4"
"Trompowsky Attack, Borg Variation","A45","1.d4 Nf6 2.Bg5 Ne4 3.Bf4 g5"
"Russian Game, Modern Attack, Trifunovic Variation","C43","1.e4 e5 2.Nf3 Nf6 3.d4 Nxe4 4.Bd3 d5 5.Nxe5 Bd6 6.O-O O-O 7.c4 Bxe5"
"Queen's Gambit Accepted, Alekhine Defense, Borisenko-Furman Variation","D21","1.d4 d5 2.c4 dxc4 3.Nf3 a6 4.e4"
"Polish Defense, Spassky Gambit, Accepted","A40","1.d4 b5 2.e4 Bb7 3.Bxb5"
"English Opening, Symmetrical Variation, Double Fianchetto","A38","1.c4 c5 2.Nc3 Nc6 3.g3 g6 4.Bg2 Bg7 5.Nf3 Nf6 6.O-O O-O 7.b3"
"Semi-Slav Defense, Meran Variation, Rabinovich Variation","D49","1.d4 d5 2.c4 e6 3.Nc3 Nf6 4.Nf3 c6 5.e3 Nbd7 6.Bd3 dxc4 7.Bxc4 b5 8.Bd3 a6 9.e4 c5 10.e5 cxd4 11.Nxb5 Ng4"
"Spanish Game, Closed Variations, Suetin Variation","C90","1.e4 e5 2.Nf3 Nc6 3.Bb5 a6 4.Ba4 Nf6 5.O-O Be7 6.Re1 b5 7.Bb3 O-O 8.c3 d6 9.a3"
"Blackmar-Diemer Gambit, Ziegler Defense","D00","1.d4 d5 2.e4 dxe4 3.Nc3 Nf6 4.f3 exf3 5.Nxf3 c6"
"Italian Game, Classical Variation","C53","1.e4 e5 2.Nf3 Nc6 3.Bc4 Bc5 4.c3 Nf6"
"Van Geet Opening, Reversed Nimzowitsch","A00","1.Nc3 e5"
"Italian Game, Rosentreter Gambit","C50","1.e4 e5 2.Nf3 Nc6 3.Bc4 Bc5 4.d4"
"Sicilian Defense, Boleslavsky Variation, Louma Variation","B58","1.e4 c5 2.Nf3 d6 3.d4 cxd4 4.Nxd4 Nf6 5.Nc3 Nc6 6.Be2 e5 7.Nxc6"
"King's Gambit, Accepted, Hanstein Gambit","C38","1.e4 e5 2.f4 exf4 3.Nf3 g5 4.Bc4 Bg7 5.O-O"
"Carr Defense, General","B00","1.e4 h6"
"King's Gambit, Accepted, Bishop's Gambit, Cozio Variation","C33","1.e4 e5 2.f4 exf4 3.Bc4 Qh4+ 4.Kf1 d6"
"Vienna Game, Mengarini Variation","C26","1.e4 e5 2.Nc3 Nf6 3.a3"
"Semi-Slav Defense, Anti-Noteboom, Stonewall Variation, Portisch Gambit","D31","1.d4 d5 2.c4 e6 3.Nc3 c6 4.e3 f5 5.g4"
"Ware Defense, General","B00","1.e4 a5"
"Polish Opening, Tartakower Gambit","A00","1.b4 e5 2.Bb2 f6 3.e4"
"Benoni Defense, Benoni Gambit, Schlenker Defense","A43","1.d4 c5 2.dxc5 Na6"
"Englund Gambit Complex, Stockholm Variation","A40","1.d4 e5 2.dxe5 Nc6 3.Nf3 Qe7 4.Qd5"
"Pterodactyl Defense, Sicilian, Rhamporhynchus","B06","1.e4 g6 2.d4 Bg7 3.Nc3 c5 4.Nf3 Qa5 5.dxc5"
"King's Gambit, Accepted, Bishop's Gambit, Maurian Defense","C33","1.e4 e5 2.f4 exf4 3.Bc4 Nc6"
"Italian Game, Rousseau Gambit","C50","1.e4 e5 2.Nf3 Nc6 3.Bc4 f5"
"Goldsmith Defense, General","B00","1.e4 h5"
"French Defense, Classical Variation, Richter Attack","C13","1.e4 e6 2.d4 d5 3.Nc3 Nf6 4.Bg5 Be7 5.Bxf6 Bxf6 6.e5 Be7 7.Qg4"
"Catalan Opening, Closed Variation, Rabinovich Variation","E09","1.d4 Nf6 2.c4 e6 3.g3 d5 4.Bg2 Be7 5.Nf3 O-O 6.O-O Nbd7 7.Qc2 c6 8.Nbd2 b5"
"Old Indian, Czech Variation w/Nf3","A53","1.d4 Nf6 2.c4 d6 3.Nf3 c6"
"Modern Defense, Norwegian Defense, Norwegian Gambit","B06","1.e4 g6 2.d4 Nf6 3.e5 Nh5 4.Be2 d6"
"French Defense, Steinitz Variation, Gledhill Attack","C11","1.e4 e6 2.d4 d5 3.Nc3 Nf6 4.e5 Nfd7 5.Qg4"
"Spanish Game, Berlin Defense, Rosenthal Variation","C67","1.e4 e5 2.Nf3 Nc6 3.Bb5 Nf6 4.O-O Nxe4 5.d4 a6"
"Alekhine Defense, Modern Variation, Alekhine Gambit","B04","1.e4 Nf6 2.e5 Nd5 3.d4 d6 4.Nf3 Bg4 5.c4 Nb6 6.Be2"
"Semi-Slav Defense, Botvinnik System, Alatortsev System","D44","1.d4 d5 2.c4 e6 3.Nc3 Nf6 4.Nf3 c6 5.Bg5 dxc4 6.e4 b5 7.e5 h6 8.Bh4 g5 9.Nxg5 Nd5"
"Tarrasch Defense, Rubinstein System","D33","1.d4 d5 2.c4 e6 3.Nc3 c5 4.cxd5 exd5 5.Nf3 Nc6 6.g3"
"Indian Game, Gibbins-Wiedehagen Gambit, Accepted","A45","1.d4 Nf6 2.g4 Nxg4"
"Nimzowitsch Defense, Lean Variation","B00","1.e4 Nc6 2.Nf3 f5"
"Modern Defense, Mongredien Defense","B06","1.e4 g6 2.d4 Bg7 3.Nc3 b6"
"Sicilian Defense, Paulsen Variation, Bastrikov Variation, English Attack","B49","1.e4 c5 2.Nf3 e6 3.d4 cxd4 4.Nxd4 Nc6 5.Nc3 Qc7 6.Be3 a6 7.f3"
"Blackmar-Diemer Gambit, Tartakower Variation","D00","1.d4 d5 2.e4 dxe4 3.Nc3 Nf6 4.f3 exf3 5.Nxf3 Bf5"
"Vienna Game, Stanley Variation, Alekhine Variation","C27","1.e4 e5 2.Nc3 Nf6 3.Bc4 Nxe4 4.Qh5 Nd6 5.Bb3 Be7 6.Nf3 Nc6 7.Nxe5"
"Nimzowitsch Defense, Scandinavian Variation, Bogoljubow Variation, Heinola-Deppe Gambit","B00","1.e4 Nc6 2.d4 d5 3.Nc3 e5"
"Italian Game, Hungarian Defense, Tartakower Variation","C50","1.e4 e5 2.Nf3 Nc6 3.Bc4 Be7 4.d4 exd4 5.c3 Nf6 6.e5 Ne4"
"Neo-Gruenfeld Defense, General","D70","1.d4 Nf6 2.c4 g6 3.g3 d5"
"Gruenfeld Defense, Flohr Defense","D94","1.d4 Nf6 2.c4 g6 3.Nc3 d5 4.Nf3 Bg7 5.e3 O-O 6.Bd3 c6 7.O-O Bf5"
"Dutch Defense, Nimzo-Dutch Variation, Alekhine Variation","A90","1.d4 f5 2.c4 Nf6 3.g3 e6 4.Bg2 Bb4+ 5.Bd2 Be7"
"Spanish Game, Marshall Attack, Re3 variation","C89","1.e4 e5 2.Nf3 Nc6 3.Bb5 a6 4.Ba4 Nf6 5.O-O Be7 6.Re1 b5 7.Bb3 O-O 8.c3 d5 9.exd5 Nxd5 10.Nxe5 Nxe5 11.Rxe5 c6 12.Bxd5 cxd5 13.d4 Bd6 14.Re3"
"Portuguese Opening, General","C20","1.e4 e5 2.Bb5"
"Pterodactyl Defense, Fianchetto, Queen Pteronodon","A40","1.d4 g6 2.c4 Bg7 3.Nc3 c5 4.d5 Bxc3+ 5.bxc3 Qa5"
"Sodium Attack, General","A00","1.Na3"
"Sicilian Defense, Alapin Variation, Barmen Defense, Milner-Barry Attack","B22","1.e4 c5 2.c3 d5 3.exd5 Qxd5 4.d4 cxd4 5.cxd4 Nc6 6.Nf3 e5 7.Nc3 Bb4 8.Be2"
"Caro-Kann Defense, Panov Attack, Gunderam Attack","B13","1.e4 c6 2.d4 d5 3.exd5 cxd5 4.c4 Nf6 5.c5"
"Queen's Indian Defense, Kasparov Variation, Botvinnik Attack","E12","1.d4 Nf6 2.c4 e6 3.Nf3 b6 4.Nc3 Bb7 5.Bg5 h6 6.Bh4 g5 7.Bg3 Nh5"
"French Defense, Tarrasch Variation, Open System, Advance Line","C08","1.e4 e6 2.d4 d5 3.Nd2 c5 4.exd5 exd5 5.Ngf3 c4"
"Spanish Game, Exchange Variation, Alekhine Variation","C68","1.e4 e5 2.Nf3 Nc6 3.Bb5 a6 4.Bxc6 dxc6 5.d4 exd4 6.Qxd4 Qxd4 7.Nxd4 Bd6"
"French Defense, Winawer Variation, Advance Variation","C17","1.e4 e6 2.d4 d5 3.Nc3 Bb4 4.e5 c5 5.a3"
"Italian Game, Evans Gambit, Slow Variation","C52","1.e4 e5 2.Nf3 Nc6 3.Bc4 Bc5 4.b4 Bxb4 5.c3 Ba5 6.O-O"
"Philidor Defense, Philidor Countergambit","C41","1.e4 e5 2.Nf3 d6 3.d4 f5"
"Italian Game, Scotch Gambit, Max Lange Attack, Spielmann Defense","C56","1.e4 e5 2.Nf3 Nc6 3.Bc4 Nf6 4.d4 exd4 5.O-O Bc5 6.e5 Ng4"
"Pirc Defense, Austrian Attack, Ljubojevic Variation","B09","1.e4 d6 2.d4 Nf6 3.Nc3 g6 4.f4 Bg7 5.Bc4"
"King's Gambit, Falkbeer Countergambit, Blackburne Attack","C31","1.e4 e5 2.f4 d5 3.Nf3"
"Nimzo-Indian Defense, Normal Variation, Gligoric System, Smyslov Variation","E54","1.d4 Nf6 2.c4 e6 3.Nc3 Bb4 4.e3 O-O 5.Nf3 d5 6.Bd3 c5 7.O-O dxc4 8.Bxc4 Qe7"
"Four Knights Game, Double Spanish Misc. with 5.O-O","C49","1.e4 e5 2.Nf3 Nc6 3.Nc3 Nf6 4.Bb5 Bb4 5.O-O O-O 6.d3"
"Blackmar-Diemer Gambit, General","D00","1.d4 d5 2.e4"
"Semi-Slav Defense, Meran Variation, Sozin Variation II","D49","1.d4 d5 2.c4 e6 3.Nc3 Nf6 4.Nf3 c6 5.e3 Nbd7 6.Bd3 dxc4 7.Bxc4 b5 8.Bd3 a6 9.e4 c5 10.e5 cxd4 11.Nxb5 Nxe5"
"English Opening, King's English Variation, Four Knights Variation","A28","1.c4 e5 2.Nc3 Nc6 3.Nf3 Nf6 4.d4 exd4 5.Nxd4 Bb4 6.Bg5 h6 7.Bh4 Bxc3+ 8.bxc3 Ne5"
"King's Gambit, Accepted, Traditional Variation","C38","1.e4 e5 2.f4 exf4 3.Nf3 g5 4.Bc4 Bg7"
"Ponziani Opening, Vukovic Gambit","C44","1.e4 e5 2.Nf3 Nc6 3.c3 Nf6 4.d4 Nxe4 5.d5 Bc5"
"King's Indian Defense, Four Pawns Attack, Fluid Attack","E78","1.d4 Nf6 2.c4 g6 3.Nc3 Bg7 4.e4 d6 5.f4 O-O 6.Be2 c5 7.Nf3"
"Spanish Game, Morphy Defense, Breyer Defense","C94","1.e4 e5 2.Nf3 Nc6 3.Bb5 a6 4.Ba4 Nf6 5.O-O Be7 6.Re1 b5 7.Bb3 O-O 8.c3 d6 9.h3 Nb8"
"King's Gambit, Falkbeer Countergambit, Accepted","C31","1.e4 e5 2.f4 d5 3.exd5"
"Duras Gambit, General","B00","1.e4 f5"
"Spanish Game, Berlin Defense, Closed Showalter Variation","C66","1.e4 e5 2.Nf3 Nc6 3.Bb5 Nf6 4.O-O d6 5.d4 Bd7 6.Nc3 Be7 7.Bxc6"
"Sicilian Defense, Quinteros Variation","B27","1.e4 c5 2.Nf3 Qc7"
"King's Gambit, Declined, Petrov's Defense","C30","1.e4 e5 2.f4 Nf6"
"Gruenfeld Defense, Counterthrust Variation","E60","1.d4 Nf6 2.c4 g6 3.g3 Bg7 4.Bg2 d5"
"Semi-Slav Defense, Stonewall Defense","D45","1.d4 d5 2.c4 e6 3.Nc3 Nf6 4.Nf3 c6 5.e3 Ne4 6.Bd3 f5"
"Modern Defense, Averbakh System, Randspringer Variation","A42","1.d4 g6 2.c4 Bg7 3.Nc3 d6 4.e4 f5"
"Italian Game, Scotch Gambit, Canal Variation","C56","1.e4 e5 2.Nf3 Nc6 3.Bc4 Nf6 4.d4 exd4 5.O-O Nxe4 6.Re1 d5 7.Nc3"
"Nimzo-Larsen Attack, Spike Variation","A01","1.b3 Nf6 2.Bb2 g6 3.g4"
"Sicilian Defense, Alapin Variation, Barmen Defense, Endgame Variation","B22","1.e4 c5 2.c3 d5 3.exd5 Qxd5 4.d4 cxd4 5.cxd4 Nc6 6.Nf3 Bg4 7.Nc3 Bxf3 8.gxf3 Qxd4 9.Qxd4 Nxd4"
"Nimzowitsch Defense, Kennedy Variation, Main Line","B00","1.e4 Nc6 2.d4 e5 3.dxe5 Nxe5 4.f4 Ng6"
"Queen's Gambit Refused, Baltic Defense, Queen Attack","D02","1.d4 d5 2.c4 Bf5 3.Qb3"
"Caro-Kann Defense, Hillbilly Attack, Schaeffer Gambit","B10","1.e4 c6 2.Bc4 d5 3.Bb3 dxe4 4.Qh5"
"Semi-Slav Defense, Meran Variation, Old  Variation","D48","1.d4 d5 2.c4 e6 3.Nc3 Nf6 4.Nf3 c6 5.e3 Nbd7 6.Bd3 dxc4 7.Bxc4 b5 8.Bd3 a6 9.e4 c5 10.e5"
"French Defense, MacCutcheon Variation, Tartakower Variation","C12","1.e4 e6 2.d4 d5 3.Nc3 Nf6 4.Bg5 Bb4 5.e5 h6 6.Bd2 Nfd7"
"Ponziani Opening, Ponziani Countergambit","C44","1.e4 e5 2.Nf3 Nc6 3.c3 f5"
"King's Knight Opening, General","C40","1.e4 e5 2.Nf3"
"English Opening, Anglo-Indian Defense, Gruenfeld Formation","A15","1.c4 Nf6 2.Nf3 g6 3.g3 d5"
"Queen's Indian Defense, Kasparov-Petrosian Variation, Rashkovsky Attack","E12","1.d4 Nf6 2.c4 e6 3.Nf3 b6 4.Nc3 Bb7 5.a3 d5 6.cxd5 Nxd5 7.Qa4+"
"Van Geet Opening, Battambang Variation","A00","1.Nc3 e5 2.a3"
"Scotch Game, Göring Gambit, Bardeleben Variation","C44","1.e4 e5 2.Nf3 Nc6 3.d4 exd4 4.c3 dxc3 5.Nxc3 Bb4 6.Bc4 Nf6"
"King Pawn Game, Dresden Opening","C44","1.e4 e5 2.Nf3 Nc6 3.c4"
"Queen's Gambit Declined, Been-Koomen Variation","D50","1.d4 d5 2.c4 e6 3.Nc3 Nf6 4.Bg5 c5"
"Slav Defense, Czech Variation, Lasker Variation","D18","1.d4 d5 2.c4 c6 3.Nf3 Nf6 4.Nc3 dxc4 5.a4 Bf5 6.e3 Na6"
"Tarrasch Defense, Wagner Variation","D33","1.d4 d5 2.c4 e6 3.Nc3 c5 4.cxd5 exd5 5.Nf3 Nc6 6.g3 Nf6 7.Bg2 Bg4"
"Indian Game, Knights Variation, Alburt-Miles Variation","A46","1.d4 Nf6 2.Nf3 a6"
"Queen's Gambit Declined, Semmering Variation","D30","1.d4 d5 2.c4 e6 3.Nf3 Nf6 4.e3 c6 5.Nbd2 Nbd7 6.Bd3 c5"
"Scotch Game, Scotch Gambit, Cochrane-Anderssen Variation","C44","1.e4 e5 2.Nf3 Nc6 3.d4 exd4 4.Bc4 Bc5 5.O-O d6 6.c3 Bg4"
"Borg Defense, Troon Gambit","B00","1.e4 g5 2.d4 h6 3.h4 g4"
"Zukertort Opening, Wade-Tartakower Defense","A04","1.Nf3 d6 2.e4 Bg4"
"Italian Game, Scotch Gambit, Anderssen Attack, Main Line","C56","1.e4 e5 2.Nf3 Nc6 3.Bc4 Nf6 4.d4 exd4 5.O-O Nxe4 6.Re1 d5 7.Bxd5 Qxd5 8.Nc3 Qa5 9.Nxe4 Be6 10.Bd2 Qd5 11.Bg5"
"Four Knights Game, Spanish Variation, Symmetrical Variation","C49","1.e4 e5 2.Nf3 Nc6 3.Nc3 Nf6 4.Bb5 Bb4 5.O-O O-O 6.d3 d6 7.Bg5 Bxc3 8.bxc3 Qe7 9.Re1 Nd8 10.d4 Bg4"
"Bird Opening, Schlechter Gambit","A02","1.f4 e5 2.fxe5 Nc6"
"Italian Game, Two Knights Defense","C55","1.e4 e5 2.Nf3 Nc6 3.Bc4 Nf6 4.d4 Nxe4"
"Blackmar-Diemer Gambit, Ryder Gambit","D00","1.d4 d5 2.e4 dxe4 3.Nc3 Nf6 4.f3 exf3 5.Qxf3"
"Blackmar-Diemer Gambit, Netherlands Variation","D00","1.d4 d5 2.e4 dxe4 3.Nc3 f5"
"French Defense, Diemer-Duhm Gambit","C00","1.e4 e6 2.d4 d5 3.c4 dxe4"
"Philidor Defense, Philidor Countergambit, Zukertort Variation","C41","1.e4 e5 2.Nf3 d6 3.d4 f5 4.Nc3"
"King's Gambit, Accepted, Greco Gambit","C38","1.e4 e5 2.f4 exf4 3.Nf3 g5 4.Bc4 Bg7 5.h4 h6 6.d4 d6"
"Hungarian Opening, Reversed Alekhine","A00","1.g3 e5 2.Nf3"
"Zukertort Opening, Herrstrom Gambit","A04","1.Nf3 g5"
"Benoni Defense, Woozle","A43","1.d4 c5 2.d5 Nf6 3.Nc3 Qa5"
"Italian Game, Scotch Gambit","C55","1.e4 e5 2.Nf3 Nc6 3.Bc4 Nf6 4.d4 exd4 5.O-O"
"Creepy Crawly Formation, Classical Defense","A00","1.a3 e5 2.h3 d5"
"Italian Game, Two Knights Defense, Polerio Defense","C57","1.e4 e5 2.Nf3 Nc6 3.Bc4 Nf6 4.Ng5 d5 5.exd5 Na5"
"English Opening, Anglo-Scandinavian Defense, Malvinas Variation","A10","1.c4 d5 2.cxd5 Qxd5 3.Nc3 Qa5"
"Sicilian Defense, Classical Variation, Dragon Transfer","B58","1.e4 c5 2.Nf3 d6 3.d4 cxd4 4.Nxd4 Nf6 5.Nc3 Nc6 6.Be2 Nxd4 7.Qxd4 g6"
"Rubinstein Opening, Semi-Slav Defense","D05","1.d4 d5 2.Nf3 Nf6 3.e3 e6 4.Bd3 Nbd7 5.O-O Bd6 6.b3 O-O 7.Bb2"
"Caro-Kann Defense, Breyer Variation, Stein Attack","B10","1.e4 c6 2.d3 d5 3.Nd2 g6 4.g3 Bg7 5.Bg2 e5 6.Ngf3 Ne7 7.O-O O-O 8.b4"
"Queen Pawn Game, Torre Attack, Breyer Variation","D03","1.d4 d5 2.Nf3 Nf6 3.Bg5 e6 4.e3 c5 5.c3 Qb6"
"Modern Defense, Pterodactyl Variation","B06","1.e4 g6 2.d4 Bg7 3.Nc3 c5 4.Nf3 Qa5"
"Nimzowitsch Defense, Kennedy Variation, Riemann Defense","B00","1.e4 Nc6 2.d4 e5 3.dxe5 Nxe5 4.f4 Nc6"
"Vienna Game, Vienna Gambit, Kaufmann Variation","C29","1.e4 e5 2.Nc3 Nf6 3.f4 d5 4.fxe5 Nxe4 5.Nf3 Bg4 6.Qe2"
"Queen's Indian Defense, Marienbad System, Berg Variation","A47","1.d4 Nf6 2.Nf3 b6 3.g3 Bb7 4.Bg2 c5 5.c4 cxd4 6.Qxd4"
"Englund Gambit Complex, Declined","A40","1.d4 e5 2.d5"
"Spanish Game, Steinitz Defense, Nimzowitsch Attack","C62","1.e4 e5 2.Nf3 Nc6 3.Bb5 d6 4.d4 Bd7 5.Nc3 Nf6 6.Bxc6"
"Modern Defense, Mongredien Defense","B06","1.e4 g6 2.d4 Bg7 3.Nf3 b6"
"English Opening, King's English Variation, Keres Defense","A21","1.c4 e5 2.Nc3 d6 3.g3 c6"
"Spanish Game, Open Variations, Malkin Variation","C83","1.e4 e5 2.Nf3 Nc6 3.Bb5 a6 4.Ba4 Nf6 5.O-O Nxe4 6.d4 b5 7.Bb3 d5 8.dxe5 Be6 9.c3 Be7 10.Nbd2 O-O 11.Qe2"
"Caro-Kann Defense, Alekhine Gambit","B15","1.e4 c6 2.d4 d5 3.Nc3 dxe4 4.Nxe4 Nf6 5.Bd3"
"Van Geet Opening, Myers Attack","A00","1.Nc3 g6 2.h4"
"Sicilian Defense, Spielmann Variation","B56","1.e4 c5 2.Nf3 d6 3.d4 cxd4 4.Nxd4 Nf6 5.Nc3 Nc6 6.Nde2"
"Alekhine Defense, Steiner Variation","B02","1.e4 Nf6 2.e5 Nd5 3.c4 Nb6 4.b3"
"Sicilian Defense, Hyperaccelerated Pterodactyl, Exchange Variation","B27","1.e4 c5 2.Nf3 g6 3.d4 Bg7 4.dxc5 Qa5+ 5.Nc3 Bxc3+ 6.bxc3 Qxc3+"
"Italian Game, Two Knights Defense, Knight Attack","C57","1.e4 e5 2.Nf3 Nc6 3.Bc4 Nf6 4.Ng5"
"Polish Opening, Bugayev Advance Variation","A00","1.b4 e5 2.Bb2 f6 3.b5"
"French Defense, Winawer Variation, Advance Variation","C17","1.e4 e6 2.d4 d5 3.Nc3 Bb4 4.e5 c5 5.a3 cxd4 6.axb4 dxc3 7.Nf3"
"King's Indian Defense, Orthodox Variation, Ukranian Defense","E94","1.d4 Nf6 2.c4 g6 3.Nc3 Bg7 4.e4 d6 5.Nf3 O-O 6.Be2 e5 7.O-O a5"
"Grob Opening, Spike, Hurst Attack","A00","1.g4 e5 2.Bg2 d5 3.c4"
"Blackmar-Diemer Gambit, Declined, O'Kelly Defense","D00","1.d4 d5 2.e4 dxe4 3.Nc3 Nf6 4.f3 c6"
"Queen's Gambit Refused, Chigorin Defense, Main Line, Alekhine Variation","D07","1.d4 d5 2.c4 Nc6 3.Nf3 Bg4 4.Qa4"
"King's Gambit, Accepted, Kieseritsky Gambit, Rubinstein Variation","C39","1.e4 e5 2.f4 exf4 3.Nf3 g5 4.h4 g4 5.Ne5 Nf6 6.d4"
"English Opening, Anglo-Scandinavian Defense, Schulz Gambit","A10","1.c4 d5 2.cxd5 Nf6"
"Ponziani Opening, Spanish Variation","C44","1.e4 e5 2.Nf3 Nc6 3.c3 d5 4.Bb5"
"Blackmar-Diemer Gambit, Bogoljubow Variation, Studier Attack","D00","1.d4 d5 2.e4 dxe4 3.Nc3 Nf6 4.f3 exf3 5.Nxf3 g6 6.Bc4 Bg7 7.O-O O-O 8.Qe1"
"Scotch Game, Lolli Variation","C44","1.e4 e5 2.Nf3 Nc6 3.d4 Nxd4"
"Spanish Game, Open Variations, Karpov Gambit","C80","1.e4 e5 2.Nf3 Nc6 3.Bb5 a6 4.Ba4 Nf6 5.O-O Nxe4 6.d4 b5 7.Bb3 d5 8.dxe5 Be6 9.Nbd2 Nc5 10.c3 d4 11.Ng5"
"Gruenfeld Defense, Exchange Variation, Larsen Variation","D86","1.d4 Nf6 2.c4 g6 3.Nc3 d5 4.cxd5 Nxd5 5.e4 Nxc3 6.bxc3 Bg7 7.Bc4 O-O 8.Ne2 Qd7"
"Queen Pawn Opening, Veresov Opening, Richter Attack","D00","1.d4 d5 2.Nc3 Nf6 3.f3"
"Italian Game, Evans Gambit, Bronstein Defense","C51","1.e4 e5 2.Nf3 Nc6 3.Bc4 Bc5 4.b4 Bxb4 5.c3 Ba5 6.d4 d6"
"Italian Game, Two Knights Defense, Lolli Attack","C57","1.e4 e5 2.Nf3 Nc6 3.Bc4 Nf6 4.Ng5 d5 5.exd5 Nxd5 6.d4"
"Indian Game, Anti-Grünfeld, Alekhine Variation, Leko Gambit","D70","1.d4 Nf6 2.c4 g6 3.f3 e5"
"Scotch Game, Relfsson Gambit","C44","1.e4 e5 2.Nf3 Nc6 3.d4 exd4 4.Bb5"
"Nimzowitsch Defense, Pseudo-Spanish Variation","B00","1.e4 Nc6 2.Bb5"
"French Defense, Main Line","C00","1.e4 e6 2.d4 d5"
"Sicilian Defense, Pin Variation, Jaffe Variation","B40","1.e4 c5 2.Nf3 e6 3.d4 cxd4 4.Nxd4 Nf6 5.Nc3 Bb4 6.Bd3 e5"
"Budapest Defense, Fajarowicz - Steiner Variation","A51","1.d4 Nf6 2.c4 e5 3.dxe5 Ne4 4.Qc2"
"Van Geet Opening, Berlin Gambit","A00","1.Nc3 Nc6 2.d4 d5 3.e4 dxe4 4.d5"
"Van Geet Opening, Novosibirsk Variation","A00","1.Nc3 c5 2.d4 cxd4 3.Qxd4 Nc6 4.Qh4"
"Torre Attack, Wagner Gambit","A46","1.d4 Nf6 2.Nf3 e6 3.Bg5 c5 4.e4"
"Queen's Gambit, General","D06","1.d4 d5 2.c4"
"Italian Game, Scotch Gambit, Double Gambit Accepted","C56","1.e4 e5 2.Nf3 Nc6 3.Bc4 Nf6 4.d4 exd4 5.O-O Nxe4"
"Queen's Gambit Refused, Albin Countergambit, Fianchetto Variation, Bf5 Liner","D09","1.d4 d5 2.c4 e5 3.dxe5 d4 4.Nf3 Nc6 5.g3 Bf5"
"King's Gambit, Accepted, Kieseritsky Gambit, Long Whip","C39","1.e4 e5 2.f4 exf4 3.Nf3 g5 4.h4 g4 5.Ne5 h5"
"Nimzowitsch Defense, Kennedy Variation, Keres Attack","B00","1.e4 Nc6 2.d4 e5 3.dxe5 Nxe5 4.Nc3"
"Queen Pawn Game, Chandler Gambit","D02","1.d4 d5 2.Nf3 c5 3.g3 cxd4 4.Bg2"
"Bishop's Opening, Urusov Gambit","C24","1.e4 e5 2.Bc4 Nf6 3.d4 exd4 4.Nf3"
"Old Indian Defense, Janowski Variation","A53","1.d4 Nf6 2.c4 d6 3.Nc3 Bf5"
"Tarrasch Defense, Von Hennig Gambit","D32","1.d4 d5 2.c4 e6 3.Nc3 c5 4.cxd5 cxd4 5.Qxd4 Nc6 6.Qd1 exd5 7.Qxd5 Be6"
"Italian Game, Evans Gambit, Compromised Defense","C52","1.e4 e5 2.Nf3 Nc6 3.Bc4 Bc5 4.b4 Bxb4 5.c3 Ba5 6.d4 exd4 7.O-O dxc3"